started_at,ended_at,member_casual,trip_duration_min,time_of_day
2024-10-05 00:01:45.343,2024-10-05 00:11:59.827,casual,10.2414,Midday
2024-10-05 00:03:38.789,2024-10-05 00:22:19.758,casual,18.682816666666668,Midday
2024-10-05 00:04:45.737,2024-10-05 00:07:44.057,member,2.972,Midday
2024-10-05 00:05:10.274,2024-10-05 00:11:53.858,casual,6.7264,Midday
2024-10-05 00:06:08.856,2024-10-05 00:11:35.687,casual,5.447183333333333,Midday
2024-10-05 00:08:23.210,2024-10-05 00:19:42.971,member,11.32935,Midday
2024-10-05 00:08:53.331,2024-10-05 00:17:59.709,casual,9.106300000000001,Midday
2024-10-05 00:09:39.208,2024-10-05 00:19:23.589,casual,9.739683333333334,Midday
2024-10-05 00:10:16.619,2024-10-05 00:16:01.680,member,5.751016666666667,Midday
2024-10-05 00:11:17.930,2024-10-05 00:14:05.345,member,2.79025,Midday
2024-10-05 00:11:43.548,2024-10-05 00:17:33.358,casual,5.830166666666667,Midday
2024-10-05 00:13:17.924,2024-10-05 00:23:38.094,member,10.336166666666665,Midday
2024-10-05 00:13:51.457,2024-10-05 01:10:27.952,casual,56.60825,Midday
2024-10-05 00:14:21.214,2024-10-05 00:19:17.939,member,4.9454166666666675,Midday
2024-10-05 00:17:36.886,2024-10-05 00:23:44.404,member,6.125299999999999,Midday
2024-10-05 00:19:20.146,2024-10-05 00:25:52.088,member,6.532366666666666,Midday
2024-10-05 00:19:38.014,2024-10-05 00:32:18.570,member,12.675933333333335,Midday
2024-10-05 00:19:41.052,2024-10-05 00:26:01.490,casual,6.340633333333333,Midday
2024-10-05 00:19:48.297,2024-10-05 00:29:25.557,casual,9.621,Midday
2024-10-05 00:20:14.392,2024-10-05 00:41:49.060,member,21.5778,Midday
2024-10-05 00:20:20.168,2024-10-05 00:33:37.603,member,13.290583333333332,Midday
2024-10-05 00:20:29.594,2024-10-05 00:46:32.316,member,26.045366666666666,Midday
2024-10-05 00:24:01.334,2024-10-05 00:54:05.140,casual,30.063433333333332,Midday
2024-10-05 00:24:04.803,2024-10-05 00:30:32.819,casual,6.466933333333333,Midday
2024-10-05 00:24:32.193,2024-10-05 00:42:55.870,member,18.394616666666664,Midday
2024-10-05 00:24:40.861,2024-10-05 00:35:21.238,member,10.672949999999998,Midday
2024-10-05 00:29:49.964,2024-10-05 00:46:43.388,member,16.8904,Midday
2024-10-05 00:30:03.781,2024-10-05 02:50:12.884,casual,140.15171666666666,Midday
2024-10-05 00:30:17.831,2024-10-05 00:33:50.053,casual,3.5370333333333335,Midday
2024-10-05 00:35:21.805,2024-10-05 00:41:35.539,member,6.228899999999999,Midday
2024-10-05 00:35:37.565,2024-10-05 00:44:00.088,casual,8.375383333333334,Midday
2024-10-05 00:35:44.908,2024-10-05 01:02:18.413,member,26.55841666666667,Midday
2024-10-05 00:38:13.556,2024-10-05 00:44:15.102,member,6.025766666666667,Midday
2024-10-05 00:38:31.889,2024-10-05 02:50:21.604,casual,131.82858333333334,Midday
2024-10-05 00:38:33.863,2024-10-05 00:53:39.904,casual,15.100683333333334,Midday
2024-10-05 00:40:45.477,2024-10-05 01:02:29.279,member,21.73003333333333,Midday
2024-10-05 00:41:14.984,2024-10-05 01:00:35.493,member,19.341816666666666,Midday
2024-10-05 00:44:41.778,2024-10-05 00:48:35.744,member,3.8994333333333335,Midday
2024-10-05 00:45:16.795,2024-10-05 01:34:55.207,member,49.6402,Midday
2024-10-05 00:49:09.933,2024-10-05 00:54:12.933,casual,5.05,Midday
2024-10-05 00:49:36.855,2024-10-05 00:55:45.416,member,6.142683333333333,Midday
2024-10-05 00:50:40.812,2024-10-05 01:02:36.893,casual,11.934683333333334,Midday
2024-10-05 00:51:39.007,2024-10-05 00:58:20.194,member,6.68645,Midday
2024-10-05 00:52:15.711,2024-10-05 01:00:25.386,casual,8.16125,Midday
2024-10-05 00:54:15.453,2024-10-05 00:57:02.713,casual,2.7876666666666665,Midday
2024-10-05 00:56:05.466,2024-10-05 01:13:01.137,casual,16.92785,Midday
2024-10-05 00:56:14.161,2024-10-05 01:03:35.337,casual,7.3529333333333335,Midday
2024-10-05 01:02:18.115,2024-10-05 01:09:59.348,member,7.687216666666667,Midday
2024-10-05 01:02:22.382,2024-10-05 01:07:12.964,member,4.8430333333333335,Midday
2024-10-05 01:04:24.582,2024-10-05 01:17:36.786,member,13.203399999999998,Midday
2024-10-05 01:04:40.529,2024-10-05 01:11:30.199,member,6.827833333333333,Midday
2024-10-05 01:06:39.190,2024-10-05 01:11:38.024,casual,4.980566666666666,Midday
2024-10-05 01:08:29.534,2024-10-05 01:24:00.268,casual,15.512233333333334,Midday
2024-10-05 01:10:01.078,2024-10-05 01:26:16.258,member,16.253,Midday
2024-10-05 01:10:42.096,2024-10-05 01:25:45.488,member,15.056533333333334,Midday
2024-10-05 01:11:12.947,2024-10-05 01:24:01.289,casual,12.8057,Midday
2024-10-05 01:11:53.130,2024-10-05 01:22:10.088,member,10.282633333333333,Midday
2024-10-05 01:23:21.070,2024-10-05 01:33:23.128,member,10.0343,Midday
2024-10-05 01:25:04.940,2024-10-05 01:33:49.385,casual,8.74075,Midday
2024-10-05 01:26:00.623,2024-10-05 01:34:39.570,casual,8.649116666666666,Midday
2024-10-05 01:32:24.130,2024-10-05 02:06:44.499,member,34.339483333333334,Midday
2024-10-05 01:33:52.788,2024-10-05 01:38:46.093,member,4.888416666666667,Midday
2024-10-05 01:39:33.597,2024-10-05 01:43:02.495,member,3.4816333333333334,Midday
2024-10-05 01:42:06.113,2024-10-05 01:59:45.272,casual,17.65265,Midday
2024-10-05 01:45:00.713,2024-10-05 01:47:14.868,member,2.2359166666666668,Midday
2024-10-05 01:47:24.855,2024-10-05 02:11:25.349,member,24.008233333333333,Midday
2024-10-05 01:49:36.124,2024-10-05 01:52:57.375,member,3.3541833333333333,Midday
2024-10-05 01:51:09.584,2024-10-05 01:59:13.120,casual,8.058933333333334,Midday
2024-10-05 01:52:59.967,2024-10-05 01:56:45.100,member,3.752216666666667,Midday
2024-10-05 01:54:04.126,2024-10-05 02:08:41.897,member,14.629516666666666,Midday
2024-10-05 01:54:32.614,2024-10-05 01:59:54.812,casual,5.3699666666666666,Midday
2024-10-05 01:54:37.249,2024-10-05 02:00:01.615,casual,5.4060999999999995,Midday
2024-10-05 01:55:39.909,2024-10-05 02:16:06.911,member,20.450033333333334,Midday
2024-10-05 01:56:07.153,2024-10-05 02:06:24.164,casual,10.283516666666666,Midday
2024-10-05 01:58:13.580,2024-10-05 02:05:02.422,casual,6.814033333333333,Midday
2024-10-05 01:58:41.515,2024-10-05 02:04:28.159,member,5.7774,Midday
2024-10-05 01:59:30.605,2024-10-05 02:09:47.695,member,10.284833333333333,Midday
2024-10-05 02:02:10.779,2024-10-05 02:54:18.102,member,52.122049999999994,Midday
2024-10-05 02:07:16.585,2024-10-05 02:15:10.265,casual,7.894666666666667,Midday
2024-10-05 02:09:35.960,2024-10-05 02:14:39.768,member,5.063466666666667,Midday
2024-10-05 02:11:44.661,2024-10-05 02:18:02.046,casual,6.28975,Midday
2024-10-05 02:14:22.071,2024-10-05 02:32:59.218,casual,18.619116666666667,Midday
2024-10-05 02:14:35.169,2024-10-05 02:27:03.663,casual,12.4749,Midday
2024-10-05 02:15:14.038,2024-10-05 02:23:32.534,casual,8.308266666666666,Midday
2024-10-05 02:18:23.423,2024-10-05 02:22:57.498,casual,4.567916666666666,Midday
2024-10-05 02:24:06.958,2024-10-05 02:31:39.320,member,7.539366666666667,Midday
2024-10-05 02:24:56.782,2024-10-05 02:29:25.571,member,4.479816666666666,Midday
2024-10-05 02:25:36.010,2024-10-05 02:31:31.998,casual,5.933133333333333,Midday
2024-10-05 02:27:58.675,2024-10-05 02:36:52.020,casual,8.889083333333334,Midday
2024-10-05 02:28:15.701,2024-10-05 02:35:56.774,casual,7.68455,Midday
2024-10-05 02:28:56.226,2024-10-05 02:39:14.402,member,10.302933333333334,Midday
2024-10-05 02:32:38.673,2024-10-05 02:55:54.513,casual,23.264,Midday
2024-10-05 02:32:48.875,2024-10-05 02:50:29.781,member,17.681766666666665,Midday
2024-10-05 02:33:19.264,2024-10-05 02:39:08.407,member,5.81905,Midday
2024-10-05 02:34:09.831,2024-10-05 02:34:22.609,casual,0.21296666666666667,Midday
2024-10-05 02:36:16.736,2024-10-05 02:43:25.592,casual,7.1476,Midday
2024-10-05 02:38:16.585,2024-10-05 02:45:12.608,casual,6.933716666666667,Midday
2024-10-05 02:39:10.476,2024-10-05 02:50:40.766,member,11.504833333333332,Midday
2024-10-05 02:48:43.446,2024-10-05 02:54:56.204,member,6.212633333333333,Midday
2024-10-05 02:51:06.685,2024-10-05 03:09:42.461,member,18.59626666666667,Midday
2024-10-05 02:52:59.472,2024-10-05 03:02:34.162,member,9.578166666666668,Midday
2024-10-05 02:53:03.368,2024-10-05 03:08:47.276,casual,15.7318,Midday
2024-10-05 02:53:23.645,2024-10-05 02:55:20.887,casual,1.9540333333333335,Midday
2024-10-05 02:53:41.833,2024-10-05 02:54:36.219,casual,0.9064333333333334,Midday
2024-10-05 02:54:21.819,2024-10-05 02:58:33.782,casual,4.1993833333333335,Midday
2024-10-05 02:56:36.094,2024-10-05 02:57:16.582,casual,0.6748,Midday
2024-10-05 02:58:50.984,2024-10-05 03:04:21.939,casual,5.515916666666667,Midday
2024-10-05 02:59:16.958,2024-10-05 02:59:32.253,casual,0.2549166666666667,Midday
2024-10-05 03:01:50.047,2024-10-05 03:04:37.807,member,2.796,Midday
2024-10-05 03:06:54.675,2024-10-05 03:28:01.098,casual,21.10705,Midday
2024-10-05 03:16:02.971,2024-10-05 05:39:39.686,member,143.61191666666667,Midday
2024-10-05 03:31:07.493,2024-10-05 03:39:23.111,member,8.260299999999999,Midday
2024-10-05 03:34:33.995,2024-10-05 03:37:08.438,casual,2.57405,Midday
2024-10-05 03:41:23.884,2024-10-05 03:45:25.755,casual,4.031183333333334,Midday
2024-10-05 03:50:15.152,2024-10-05 04:20:10.694,member,29.9257,Midday
2024-10-05 03:50:55.665,2024-10-05 04:09:59.557,casual,19.064866666666667,Midday
2024-10-05 03:59:45.793,2024-10-05 04:20:19.421,casual,20.560466666666667,Midday
2024-10-05 04:10:35.783,2024-10-05 04:14:00.075,casual,3.4048666666666665,Midday
2024-10-05 04:22:09.932,2024-10-05 04:31:18.473,casual,9.14235,Midday
2024-10-05 04:28:18.074,2024-10-05 04:46:22.576,casual,18.075033333333334,Midday
2024-10-05 04:52:40.500,2024-10-05 05:25:10.302,member,32.4967,Midday
2024-10-05 05:00:30.710,2024-10-05 05:06:59.465,member,6.4792499999999995,Midday
2024-10-05 05:16:37.090,2024-10-05 05:28:48.717,member,12.193783333333332,Midday
2024-10-05 05:40:34.169,2024-10-05 05:48:03.544,casual,7.489583333333333,Midday
2024-10-05 05:45:12.816,2024-10-05 05:52:50.460,member,7.6274,Midday
2024-10-05 05:47:01.228,2024-10-05 05:49:37.063,member,2.5972500000000003,Midday
2024-10-05 05:47:20.544,2024-10-05 06:01:45.678,member,14.4189,Midday
2024-10-05 05:51:54.468,2024-10-05 05:58:22.010,member,6.459033333333333,Midday
2024-10-05 05:53:42.864,2024-10-05 05:55:59.931,casual,2.28445,Midday
2024-10-05 06:00:35.219,2024-10-05 06:06:16.487,member,5.687799999999999,Midday
2024-10-05 06:12:00.016,2024-10-05 07:03:08.098,casual,51.134699999999995,Midday
2024-10-05 06:19:41.515,2024-10-05 06:32:24.294,member,12.712983333333334,Midday
2024-10-05 06:22:16.349,2024-10-05 06:28:34.788,casual,6.307316666666667,Midday
2024-10-05 06:29:36.831,2024-10-05 07:04:36.063,member,34.9872,Midday
2024-10-05 06:31:19.286,2024-10-05 06:33:26.086,member,2.1133333333333333,Midday
2024-10-05 06:33:39.372,2024-10-05 06:46:37.532,member,12.969333333333333,Midday
2024-10-05 06:36:06.261,2024-10-05 06:51:10.384,member,15.068716666666667,Midday
2024-10-05 06:36:48.216,2024-10-05 06:48:26.790,casual,11.6429,Midday
2024-10-05 06:36:54.027,2024-10-05 06:55:10.065,casual,18.2673,Midday
2024-10-05 06:37:33.974,2024-10-05 06:47:55.253,member,10.35465,Midday
2024-10-05 06:38:32.468,2024-10-05 06:42:35.721,member,4.054216666666666,Midday
2024-10-05 06:43:27.810,2024-10-05 07:03:49.210,casual,20.35666666666667,Midday
2024-10-05 06:53:34.600,2024-10-05 06:58:11.083,member,4.60805,Midday
2024-10-05 06:57:12.804,2024-10-05 07:01:59.290,casual,4.774766666666666,Midday
2024-10-05 06:57:28.621,2024-10-05 07:17:16.860,member,19.803983333333335,Midday
2024-10-05 06:57:49.173,2024-10-05 07:07:13.664,casual,9.408183333333334,Midday
2024-10-05 07:03:35.879,2024-10-05 07:12:05.533,member,8.494233333333334,Morning Rush
2024-10-05 07:04:09.963,2024-10-05 07:04:23.316,casual,0.22255,Morning Rush
2024-10-05 07:07:04.755,2024-10-05 07:31:13.167,member,24.1402,Morning Rush
2024-10-05 07:10:04.145,2024-10-05 07:17:40.235,casual,7.6015,Morning Rush
2024-10-05 07:11:30.360,2024-10-05 07:13:29.573,member,1.9868833333333333,Morning Rush
2024-10-05 07:12:01.842,2024-10-05 07:14:04.127,member,2.0380833333333332,Morning Rush
2024-10-05 07:15:07.409,2024-10-05 07:18:42.992,member,3.59305,Morning Rush
2024-10-05 07:15:53.634,2024-10-05 07:19:55.986,member,4.0392,Morning Rush
2024-10-05 07:16:44.958,2024-10-05 07:29:05.436,member,12.341299999999999,Morning Rush
2024-10-05 07:18:58.931,2024-10-05 07:37:24.800,member,18.43115,Morning Rush
2024-10-05 07:19:51.950,2024-10-05 07:23:48.299,member,3.9391499999999997,Morning Rush
2024-10-05 07:20:37.859,2024-10-05 07:27:52.303,member,7.240733333333334,Morning Rush
2024-10-05 07:21:23.309,2024-10-05 07:33:10.359,member,11.784166666666666,Morning Rush
2024-10-05 07:21:26.609,2024-10-05 07:30:49.889,member,9.388,Morning Rush
2024-10-05 07:24:38.828,2024-10-05 07:34:44.590,member,10.096033333333333,Morning Rush
2024-10-05 07:28:14.240,2024-10-05 07:33:31.232,casual,5.2832,Morning Rush
2024-10-05 07:28:46.929,2024-10-05 07:35:47.525,member,7.009933333333334,Morning Rush
2024-10-05 07:30:05.446,2024-10-05 07:40:26.633,member,10.353116666666667,Morning Rush
2024-10-05 07:33:22.235,2024-10-05 07:57:58.204,member,24.599483333333335,Morning Rush
2024-10-05 07:33:23.511,2024-10-05 07:43:53.878,casual,10.506116666666665,Morning Rush
2024-10-05 07:34:05.499,2024-10-05 07:51:37.506,member,17.533450000000002,Morning Rush
2024-10-05 07:37:34.560,2024-10-05 07:44:38.229,casual,7.06115,Morning Rush
2024-10-05 07:38:01.239,2024-10-05 08:09:29.630,casual,31.473183333333335,Morning Rush
2024-10-05 07:41:01.303,2024-10-05 07:41:21.227,casual,0.3320666666666667,Morning Rush
2024-10-05 07:42:11.549,2024-10-05 07:53:36.679,casual,11.418833333333334,Morning Rush
2024-10-05 07:42:28.129,2024-10-05 08:04:03.544,member,21.59025,Morning Rush
2024-10-05 07:42:41.959,2024-10-05 07:54:01.302,member,11.322383333333333,Morning Rush
2024-10-05 07:45:00.675,2024-10-05 08:01:11.633,casual,16.18263333333333,Morning Rush
2024-10-05 07:46:06.501,2024-10-05 07:52:58.931,member,6.873833333333334,Morning Rush
2024-10-05 07:48:16.336,2024-10-05 08:02:36.051,member,14.328583333333334,Morning Rush
2024-10-05 07:50:41.904,2024-10-05 07:56:34.531,casual,5.877116666666667,Morning Rush
2024-10-05 07:52:17.211,2024-10-05 07:55:16.036,member,2.9804166666666663,Morning Rush
2024-10-05 07:52:20.513,2024-10-05 08:00:47.136,member,8.443716666666667,Morning Rush
2024-10-05 07:53:02.866,2024-10-05 07:56:31.582,member,3.4786,Morning Rush
2024-10-05 07:54:10.729,2024-10-05 09:58:44.768,casual,124.56731666666666,Morning Rush
2024-10-05 07:54:38.422,2024-10-05 08:00:19.042,member,5.6770000000000005,Morning Rush
2024-10-05 07:54:53.320,2024-10-05 08:39:26.546,casual,44.55376666666667,Morning Rush
2024-10-05 07:56:03.724,2024-10-05 08:10:52.252,member,14.8088,Morning Rush
2024-10-05 07:56:38.970,2024-10-05 07:58:49.359,member,2.17315,Morning Rush
2024-10-05 07:58:34.704,2024-10-05 08:14:45.214,member,16.175166666666666,Morning Rush
2024-10-05 07:59:20.811,2024-10-05 08:02:29.344,casual,3.1422166666666667,Morning Rush
2024-10-05 07:59:23.073,2024-10-05 08:02:47.922,casual,3.41415,Morning Rush
2024-10-05 07:59:37.052,2024-10-05 08:03:30.676,member,3.893733333333333,Morning Rush
2024-10-05 08:00:01.475,2024-10-05 08:07:44.632,casual,7.719283333333333,Morning Rush
2024-10-05 08:00:10.068,2024-10-05 08:05:09.179,member,4.9851833333333335,Morning Rush
2024-10-05 08:01:08.635,2024-10-05 08:09:24.716,member,8.268016666666666,Morning Rush
2024-10-05 08:04:01.780,2024-10-05 08:12:01.859,member,8.001316666666666,Morning Rush
2024-10-05 08:05:12.847,2024-10-05 08:14:15.047,member,9.036666666666667,Morning Rush
2024-10-05 08:06:41.307,2024-10-05 08:49:19.189,casual,42.631366666666665,Morning Rush
2024-10-05 08:07:09.596,2024-10-05 08:12:02.632,casual,4.883933333333333,Morning Rush
2024-10-05 08:08:07.228,2024-10-05 08:10:17.970,member,2.1790333333333334,Morning Rush
2024-10-05 08:08:32.663,2024-10-05 08:17:50.149,member,9.291433333333334,Morning Rush
2024-10-05 08:09:39.776,2024-10-05 08:23:24.690,member,13.748566666666667,Morning Rush
2024-10-05 08:10:33.725,2024-10-05 08:10:46.340,casual,0.21025,Morning Rush
2024-10-05 08:12:30.182,2024-10-05 08:16:43.108,member,4.215433333333333,Morning Rush
2024-10-05 08:12:58.059,2024-10-05 08:22:57.234,member,9.98625,Morning Rush
2024-10-05 08:13:21.153,2024-10-05 08:19:31.480,member,6.172116666666667,Morning Rush
2024-10-05 08:13:31.541,2024-10-05 08:21:03.106,member,7.526083333333333,Morning Rush
2024-10-05 08:18:51.072,2024-10-05 08:27:20.766,casual,8.4949,Morning Rush
2024-10-05 08:19:01.936,2024-10-05 08:26:03.435,member,7.024983333333334,Morning Rush
2024-10-05 08:19:18.005,2024-10-05 08:37:23.141,casual,18.0856,Morning Rush
2024-10-05 08:23:48.014,2024-10-05 08:28:19.979,member,4.532749999999999,Morning Rush
2024-10-05 08:23:49.362,2024-10-05 08:28:31.642,member,4.704666666666666,Morning Rush
2024-10-05 08:23:58.773,2024-10-05 08:31:38.677,member,7.665066666666666,Morning Rush
2024-10-05 08:24:30.462,2024-10-05 09:02:11.867,member,37.690083333333334,Morning Rush
2024-10-05 08:24:54.412,2024-10-05 08:30:36.926,casual,5.708566666666667,Morning Rush
2024-10-05 08:26:28.091,2024-10-05 08:28:47.971,member,2.3313333333333333,Morning Rush
2024-10-05 08:27:01.503,2024-10-05 08:29:59.890,casual,2.973116666666667,Morning Rush
2024-10-05 08:28:16.506,2024-10-05 08:32:41.957,casual,4.424183333333334,Morning Rush
2024-10-05 08:29:31.398,2024-10-05 08:40:01.582,member,10.503066666666665,Morning Rush
2024-10-05 08:29:58.304,2024-10-05 08:41:42.926,casual,11.743699999999999,Morning Rush
2024-10-05 08:30:17.319,2024-10-05 08:41:36.946,member,11.327116666666665,Morning Rush
2024-10-05 08:31:17.452,2024-10-05 08:42:23.525,member,11.101216666666666,Morning Rush
2024-10-05 08:31:24.289,2024-10-05 08:51:52.531,member,20.4707,Morning Rush
2024-10-05 08:31:34.551,2024-10-05 08:43:15.106,member,11.675916666666666,Morning Rush
2024-10-05 08:33:27.641,2024-10-05 08:36:07.550,casual,2.6651499999999997,Morning Rush
2024-10-05 08:34:42.552,2024-10-05 08:48:18.585,casual,13.60055,Morning Rush
2024-10-05 08:36:26.924,2024-10-05 08:40:55.454,member,4.475499999999999,Morning Rush
2024-10-05 08:36:36.375,2024-10-05 08:50:40.638,member,14.071050000000001,Morning Rush
2024-10-05 08:38:41.720,2024-10-05 08:56:25.651,member,17.732183333333335,Morning Rush
2024-10-05 08:40:11.156,2024-10-05 08:49:44.281,casual,9.552083333333334,Morning Rush
2024-10-05 08:41:15.826,2024-10-05 08:51:20.496,casual,10.077833333333333,Morning Rush
2024-10-05 08:42:20.021,2024-10-05 08:48:21.417,member,6.023266666666667,Morning Rush
2024-10-05 08:42:49.862,2024-10-05 08:47:59.752,casual,5.164833333333333,Morning Rush
2024-10-05 08:43:16.358,2024-10-05 09:04:16.820,casual,21.0077,Morning Rush
2024-10-05 08:44:43.453,2024-10-05 08:58:52.363,casual,14.1485,Morning Rush
2024-10-05 08:48:14.990,2024-10-05 08:53:00.502,casual,4.758533333333333,Morning Rush
2024-10-05 08:48:22.454,2024-10-05 08:58:16.141,member,9.894783333333333,Morning Rush
2024-10-05 08:48:22.934,2024-10-05 08:53:37.174,member,5.237333333333334,Morning Rush
2024-10-05 08:49:01.325,2024-10-05 09:01:59.578,member,12.970883333333335,Morning Rush
2024-10-05 08:49:54.330,2024-10-05 08:54:53.699,member,4.989483333333334,Morning Rush
2024-10-05 08:50:05.795,2024-10-05 08:54:08.389,member,4.043233333333333,Morning Rush
2024-10-05 08:52:19.252,2024-10-05 09:02:00.866,casual,9.693566666666667,Morning Rush
2024-10-05 08:52:47.490,2024-10-05 09:00:22.083,member,7.57655,Morning Rush
2024-10-05 08:53:02.505,2024-10-05 08:59:53.026,casual,6.842016666666667,Morning Rush
2024-10-05 08:53:27.721,2024-10-05 09:01:43.285,member,8.259400000000001,Morning Rush
2024-10-05 08:56:16.587,2024-10-05 09:08:35.216,casual,12.310483333333334,Morning Rush
2024-10-05 08:56:40.426,2024-10-05 09:09:06.822,member,12.439933333333332,Morning Rush
2024-10-05 08:56:47.516,2024-10-05 09:01:44.384,casual,4.9478,Morning Rush
2024-10-05 08:56:50.349,2024-10-05 09:01:37.926,member,4.79295,Morning Rush
2024-10-05 08:59:22.608,2024-10-05 09:07:21.700,casual,7.984866666666666,Morning Rush
2024-10-05 08:59:59.150,2024-10-05 09:12:32.922,member,12.562866666666668,Morning Rush
2024-10-05 09:00:38.121,2024-10-05 09:03:32.330,casual,2.9034833333333334,Morning Rush
2024-10-05 09:00:48.239,2024-10-05 09:08:12.921,casual,7.411366666666667,Morning Rush
2024-10-05 09:01:06.050,2024-10-05 09:05:51.543,member,4.758216666666667,Morning Rush
2024-10-05 09:01:50.843,2024-10-05 09:03:51.259,member,2.0069333333333335,Morning Rush
2024-10-05 09:02:08.134,2024-10-05 09:10:59.011,member,8.847949999999999,Morning Rush
2024-10-05 09:02:22.719,2024-10-05 09:07:45.933,casual,5.3869,Morning Rush
2024-10-05 09:03:24.834,2024-10-05 09:09:25.046,casual,6.003533333333333,Morning Rush
2024-10-05 09:03:34.476,2024-10-05 09:09:44.819,member,6.172383333333333,Morning Rush
2024-10-05 09:03:46.716,2024-10-05 09:23:52.711,member,20.099916666666665,Morning Rush
2024-10-05 09:03:59.724,2024-10-05 09:42:33.992,casual,38.571133333333336,Morning Rush
2024-10-05 09:04:12.086,2024-10-05 09:18:39.132,member,14.450766666666668,Morning Rush
2024-10-05 09:06:50.324,2024-10-05 09:52:32.357,member,45.70055,Morning Rush
2024-10-05 09:07:32.627,2024-10-05 09:19:31.805,member,11.9863,Morning Rush
2024-10-05 09:10:07.063,2024-10-05 09:31:52.888,member,21.76375,Morning Rush
2024-10-05 09:10:34.509,2024-10-05 09:21:58.704,member,11.403250000000002,Morning Rush
2024-10-05 09:11:00.279,2024-10-05 09:19:32.238,member,8.53265,Morning Rush
2024-10-05 09:11:16.692,2024-10-05 09:17:35.319,casual,6.31045,Morning Rush
2024-10-05 09:12:55.430,2024-10-05 09:21:26.913,casual,8.524716666666666,Morning Rush
2024-10-05 09:14:01.283,2024-10-05 09:20:54.275,member,6.8832,Morning Rush
2024-10-05 09:15:13.090,2024-10-05 09:35:00.933,member,19.797383333333336,Morning Rush
2024-10-05 09:16:29.637,2024-10-05 09:30:27.014,member,13.956283333333333,Morning Rush
2024-10-05 09:16:52.091,2024-10-05 09:23:12.552,member,6.3410166666666665,Morning Rush
2024-10-05 09:17:18.410,2024-10-05 09:35:55.471,member,18.617683333333332,Morning Rush
2024-10-05 09:18:35.426,2024-10-05 09:21:31.837,member,2.940183333333333,Morning Rush
2024-10-05 09:19:03.164,2024-10-05 09:21:31.098,member,2.4655666666666667,Morning Rush
2024-10-05 09:20:22.068,2024-10-05 09:29:51.334,member,9.487766666666666,Morning Rush
2024-10-05 09:21:25.414,2024-10-05 09:24:58.723,casual,3.55515,Morning Rush
2024-10-05 09:21:27.899,2024-10-05 09:53:06.737,casual,31.647299999999998,Morning Rush
2024-10-05 09:21:48.009,2024-10-05 09:26:45.514,member,4.9584166666666665,Morning Rush
2024-10-05 09:22:00.925,2024-10-05 09:29:16.032,member,7.251783333333334,Morning Rush
2024-10-05 09:22:15.897,2024-10-05 09:41:21.335,member,19.090633333333336,Morning Rush
2024-10-05 09:22:21.308,2024-10-05 09:32:22.777,member,10.024483333333334,Morning Rush
2024-10-05 09:22:57.784,2024-10-05 09:28:44.118,member,5.772233333333333,Morning Rush
2024-10-05 09:23:03.115,2024-10-05 10:13:30.937,casual,50.4637,Morning Rush
2024-10-05 09:23:07.864,2024-10-05 09:30:34.050,member,7.436433333333333,Morning Rush
2024-10-05 09:23:19.280,2024-10-05 09:27:18.127,member,3.9807833333333336,Morning Rush
2024-10-05 09:24:01.399,2024-10-05 09:34:00.601,member,9.9867,Morning Rush
2024-10-05 09:24:16.107,2024-10-05 09:48:41.070,member,24.41605,Morning Rush
2024-10-05 09:24:41.011,2024-10-05 09:37:28.553,casual,12.792366666666668,Morning Rush
2024-10-05 09:26:04.454,2024-10-05 09:28:25.192,member,2.3456333333333332,Morning Rush
2024-10-05 09:26:07.513,2024-10-05 09:37:38.710,casual,11.51995,Morning Rush
2024-10-05 09:27:42.068,2024-10-05 09:33:13.204,casual,5.518933333333334,Morning Rush
2024-10-05 09:28:57.444,2024-10-05 09:41:25.740,member,12.4716,Morning Rush
2024-10-05 09:28:59.038,2024-10-05 09:30:38.670,member,1.6605333333333334,Morning Rush
2024-10-05 09:29:00.838,2024-10-05 09:43:20.565,member,14.328783333333332,Morning Rush
2024-10-05 09:29:14.794,2024-10-05 09:44:53.577,member,15.646383333333334,Morning Rush
2024-10-05 09:31:05.856,2024-10-05 09:35:34.401,casual,4.475750000000001,Morning Rush
2024-10-05 09:32:55.032,2024-10-05 09:47:04.115,casual,14.151383333333333,Morning Rush
2024-10-05 09:33:23.246,2024-10-05 09:36:50.945,member,3.46165,Morning Rush
2024-10-05 09:34:04.262,2024-10-05 09:46:27.793,casual,12.392183333333332,Morning Rush
2024-10-05 09:35:03.656,2024-10-05 09:39:26.419,member,4.379383333333333,Morning Rush
2024-10-05 09:36:01.930,2024-10-05 10:02:00.350,member,25.973666666666666,Morning Rush
2024-10-05 09:36:19.047,2024-10-05 09:43:06.121,member,6.784566666666667,Morning Rush
2024-10-05 09:38:06.031,2024-10-05 09:47:47.972,member,9.699016666666667,Morning Rush
2024-10-05 09:38:22.086,2024-10-05 09:45:53.655,member,7.52615,Morning Rush
2024-10-05 09:40:36.837,2024-10-05 09:44:49.481,member,4.210733333333334,Morning Rush
2024-10-05 09:40:55.809,2024-10-05 09:45:06.262,casual,4.174216666666667,Morning Rush
2024-10-05 09:41:00.712,2024-10-05 10:02:15.701,member,21.249816666666668,Morning Rush
2024-10-05 09:41:26.215,2024-10-05 09:49:16.547,member,7.838866666666666,Morning Rush
2024-10-05 09:42:16.890,2024-10-05 10:04:47.176,member,22.50476666666667,Morning Rush
2024-10-05 09:42:38.760,2024-10-05 09:59:00.962,member,16.370033333333332,Morning Rush
2024-10-05 09:43:35.217,2024-10-05 09:52:05.348,casual,8.502183333333333,Morning Rush
2024-10-05 09:45:06.136,2024-10-05 09:48:45.515,member,3.6563166666666667,Morning Rush
2024-10-05 09:45:49.464,2024-10-05 10:03:53.709,member,18.070749999999997,Morning Rush
2024-10-05 09:45:57.317,2024-10-05 09:53:32.188,member,7.581183333333333,Morning Rush
2024-10-05 09:47:22.320,2024-10-05 09:49:31.420,member,2.1516666666666664,Morning Rush
2024-10-05 09:47:49.220,2024-10-05 09:49:49.310,casual,2.0015,Morning Rush
2024-10-05 09:48:46.605,2024-10-05 09:56:03.625,casual,7.283666666666666,Morning Rush
2024-10-05 09:49:13.246,2024-10-05 09:55:16.990,member,6.0624,Morning Rush
2024-10-05 09:49:13.488,2024-10-05 10:03:01.447,casual,13.799316666666666,Morning Rush
2024-10-05 09:51:20.880,2024-10-05 10:17:19.065,member,25.969749999999998,Morning Rush
2024-10-05 09:51:23.374,2024-10-05 10:01:43.243,member,10.331150000000001,Morning Rush
2024-10-05 09:51:33.908,2024-10-05 09:58:55.638,member,7.362166666666667,Morning Rush
2024-10-05 09:51:38.104,2024-10-05 09:54:35.253,casual,2.9524833333333333,Morning Rush
2024-10-05 09:53:44.653,2024-10-05 10:11:00.972,member,17.27198333333333,Morning Rush
2024-10-05 09:54:10.470,2024-10-05 10:15:41.382,casual,21.5152,Morning Rush
2024-10-05 09:54:22.483,2024-10-05 10:05:03.117,casual,10.677233333333334,Morning Rush
2024-10-05 09:54:41.613,2024-10-05 09:57:32.088,member,2.84125,Morning Rush
2024-10-05 09:55:13.323,2024-10-05 10:02:05.196,member,6.8645499999999995,Morning Rush
2024-10-05 09:55:56.748,2024-10-05 10:07:08.626,casual,11.197966666666668,Morning Rush
2024-10-05 09:55:58.495,2024-10-05 10:04:27.209,casual,8.478566666666667,Morning Rush
2024-10-05 09:57:17.251,2024-10-05 10:11:59.593,casual,14.7057,Morning Rush
2024-10-05 09:57:48.423,2024-10-05 10:01:22.240,member,3.563616666666667,Morning Rush
2024-10-05 09:59:31.539,2024-10-05 11:09:52.711,casual,70.35286666666666,Morning Rush
2024-10-05 09:59:51.380,2024-10-05 10:05:56.216,casual,6.0806000000000004,Morning Rush
2024-10-05 10:00:08.154,2024-10-05 10:08:31.768,casual,8.393566666666667,Midday
2024-10-05 10:02:04.301,2024-10-05 10:17:46.847,member,15.709100000000001,Midday
2024-10-05 10:02:20.997,2024-10-05 10:10:21.685,member,8.011466666666667,Midday
2024-10-05 10:06:09.628,2024-10-05 10:12:53.741,member,6.735216666666667,Midday
2024-10-05 10:06:59.998,2024-10-05 10:18:16.478,casual,11.274666666666667,Midday
2024-10-05 10:07:50.493,2024-10-05 10:12:54.827,member,5.072233333333333,Midday
2024-10-05 10:08:31.765,2024-10-05 10:40:29.677,casual,31.9652,Midday
2024-10-05 10:08:40.939,2024-10-05 10:19:54.961,casual,11.2337,Midday
2024-10-05 10:09:25.710,2024-10-05 10:13:57.502,member,4.529866666666666,Midday
2024-10-05 10:09:27.986,2024-10-05 10:09:30.436,casual,0.04083333333333334,Midday
2024-10-05 10:09:51.037,2024-10-05 10:15:13.102,casual,5.36775,Midday
2024-10-05 10:09:53.338,2024-10-05 10:13:32.801,casual,3.6577166666666665,Midday
2024-10-05 10:10:01.481,2024-10-05 10:36:11.623,member,26.169033333333335,Midday
2024-10-05 10:10:12.900,2024-10-05 10:22:58.877,casual,12.766283333333332,Midday
2024-10-05 10:10:48.045,2024-10-05 10:21:27.177,casual,10.652199999999999,Midday
2024-10-05 10:11:11.077,2024-10-05 10:24:12.052,member,13.016250000000001,Midday
2024-10-05 10:12:37.941,2024-10-05 10:19:21.024,casual,6.718050000000001,Midday
2024-10-05 10:12:58.594,2024-10-05 10:15:39.643,member,2.6841500000000003,Midday
2024-10-05 10:13:44.918,2024-10-05 10:22:45.528,casual,9.010166666666667,Midday
2024-10-05 10:14:11.210,2024-10-05 10:23:53.272,member,9.701033333333333,Midday
2024-10-05 10:14:27.586,2024-10-05 10:28:45.493,casual,14.29845,Midday
2024-10-05 10:14:53.454,2024-10-05 10:21:53.690,member,7.003933333333333,Midday
2024-10-05 10:16:33.613,2024-10-05 10:17:12.985,member,0.6562,Midday
2024-10-05 10:16:42.959,2024-10-05 10:30:49.185,member,14.103766666666667,Midday
2024-10-05 10:18:24.764,2024-10-05 10:28:48.152,member,10.389800000000001,Midday
2024-10-05 10:18:44.398,2024-10-05 10:32:09.359,member,13.416016666666668,Midday
2024-10-05 10:19:02.675,2024-10-05 10:35:39.597,member,16.615366666666667,Midday
2024-10-05 10:19:07.544,2024-10-05 10:45:54.168,member,26.777066666666666,Midday
2024-10-05 10:19:21.492,2024-10-05 10:29:01.195,member,9.661716666666667,Midday
2024-10-05 10:20:11.719,2024-10-05 10:29:49.476,member,9.629283333333332,Midday
2024-10-05 10:22:16.236,2024-10-05 10:29:02.839,member,6.776716666666667,Midday
2024-10-05 10:22:27.157,2024-10-05 10:26:15.861,casual,3.8117333333333336,Midday
2024-10-05 10:22:35.446,2024-10-05 10:28:59.284,casual,6.3973,Midday
2024-10-05 10:22:45.523,2024-10-05 10:48:37.175,casual,25.860866666666666,Midday
2024-10-05 10:22:47.370,2024-10-05 10:48:37.838,casual,25.841133333333335,Midday
2024-10-05 10:22:47.647,2024-10-05 10:27:57.496,member,5.16415,Midday
2024-10-05 10:22:57.308,2024-10-05 10:32:04.388,member,9.118,Midday
2024-10-05 10:23:11.259,2024-10-05 10:31:16.806,member,8.092450000000001,Midday
2024-10-05 10:23:15.328,2024-10-05 10:30:13.602,member,6.971233333333333,Midday
2024-10-05 10:23:22.694,2024-10-05 10:30:21.357,casual,6.977716666666667,Midday
2024-10-05 10:23:44.997,2024-10-05 10:55:34.215,casual,31.8203,Midday
2024-10-05 10:23:57.728,2024-10-05 10:50:32.315,casual,26.57645,Midday
2024-10-05 10:25:16.580,2024-10-05 10:31:31.690,casual,6.251833333333334,Midday
2024-10-05 10:25:28.515,2024-10-05 10:26:00.457,casual,0.5323666666666667,Midday
2024-10-05 10:27:01.649,2024-10-05 10:33:23.865,member,6.370266666666667,Midday
2024-10-05 10:27:19.104,2024-10-05 10:31:02.207,member,3.7183833333333336,Midday
2024-10-05 10:28:22.861,2024-10-05 10:28:34.936,member,0.20124999999999998,Midday
2024-10-05 10:29:06.859,2024-10-05 10:45:23.832,casual,16.282883333333334,Midday
2024-10-05 10:29:31.630,2024-10-05 10:35:27.524,member,5.931566666666667,Midday
2024-10-05 10:29:43.965,2024-10-05 10:32:49.789,member,3.097066666666667,Midday
2024-10-05 10:30:59.986,2024-10-05 10:39:46.056,member,8.767833333333334,Midday
2024-10-05 10:31:03.834,2024-10-05 10:57:28.399,member,26.40941666666667,Midday
2024-10-05 10:31:14.862,2024-10-05 10:37:04.507,member,5.827416666666666,Midday
2024-10-05 10:32:11.236,2024-10-05 10:39:12.098,casual,7.014366666666667,Midday
2024-10-05 10:32:21.667,2024-10-05 10:46:50.014,member,14.47245,Midday
2024-10-05 10:33:25.982,2024-10-05 10:36:06.580,member,2.6766333333333336,Midday
2024-10-05 10:34:53.764,2024-10-05 10:50:35.919,member,15.702583333333333,Midday
2024-10-05 10:36:32.524,2024-10-05 10:58:19.604,casual,21.784666666666666,Midday
2024-10-05 10:36:32.627,2024-10-05 11:08:19.397,casual,31.7795,Midday
2024-10-05 10:36:40.474,2024-10-05 10:47:20.703,casual,10.670483333333333,Midday
2024-10-05 10:36:52.036,2024-10-05 10:46:39.173,member,9.785616666666666,Midday
2024-10-05 10:36:55.108,2024-10-05 10:54:09.757,casual,17.244149999999998,Midday
2024-10-05 10:37:35.594,2024-10-05 10:50:24.072,casual,12.807966666666665,Midday
2024-10-05 10:37:59.038,2024-10-05 10:55:38.486,member,17.657466666666668,Midday
2024-10-05 10:38:39.468,2024-10-05 10:51:27.168,casual,12.795,Midday
2024-10-05 10:39:08.639,2024-10-05 10:49:45.970,member,10.622183333333334,Midday
2024-10-05 10:39:14.636,2024-10-05 10:44:52.501,casual,5.631083333333334,Midday
2024-10-05 10:39:50.177,2024-10-05 10:54:38.474,casual,14.80495,Midday
2024-10-05 10:40:02.234,2024-10-05 11:01:44.899,member,21.71108333333333,Midday
2024-10-05 10:40:16.363,2024-10-05 10:53:06.878,member,12.841916666666666,Midday
2024-10-05 10:42:19.489,2024-10-05 11:03:37.839,casual,21.305833333333332,Midday
2024-10-05 10:42:28.617,2024-10-05 10:46:43.042,member,4.2404166666666665,Midday
2024-10-05 10:42:39.062,2024-10-05 10:43:31.578,casual,0.8752666666666666,Midday
2024-10-05 10:43:42.065,2024-10-05 11:03:32.979,casual,19.848566666666667,Midday
2024-10-05 10:43:52.925,2024-10-05 10:47:56.906,member,4.06635,Midday
2024-10-05 10:44:37.893,2024-10-05 10:52:08.943,member,7.5175,Midday
2024-10-05 10:44:43.101,2024-10-05 12:20:29.354,casual,95.77088333333333,Midday
2024-10-05 10:46:32.286,2024-10-05 10:53:11.271,casual,6.64975,Midday
2024-10-05 10:47:09.691,2024-10-05 10:57:45.787,member,10.6016,Midday
2024-10-05 10:47:42.479,2024-10-05 10:54:30.318,casual,6.797316666666666,Midday
2024-10-05 10:47:51.553,2024-10-05 11:25:45.236,casual,37.89471666666667,Midday
2024-10-05 10:48:29.798,2024-10-05 12:22:18.990,casual,93.81986666666667,Midday
2024-10-05 10:49:41.025,2024-10-05 10:53:56.495,member,4.257833333333333,Midday
2024-10-05 10:50:15.070,2024-10-05 12:25:52.416,casual,95.62243333333332,Midday
2024-10-05 10:50:22.311,2024-10-05 12:03:55.756,casual,73.55741666666667,Midday
2024-10-05 10:50:30.225,2024-10-05 11:06:45.103,member,16.247966666666667,Midday
2024-10-05 10:50:37.026,2024-10-05 10:58:14.595,member,7.62615,Midday
2024-10-05 10:51:23.326,2024-10-05 10:55:31.160,member,4.130566666666667,Midday
2024-10-05 10:51:51.703,2024-10-05 10:57:56.916,casual,6.086883333333334,Midday
2024-10-05 10:52:30.317,2024-10-05 10:57:01.949,casual,4.5272,Midday
2024-10-05 10:52:36.022,2024-10-05 11:16:38.724,casual,24.045033333333333,Midday
2024-10-05 10:54:11.741,2024-10-05 10:56:44.580,member,2.5473166666666667,Midday
2024-10-05 10:54:20.179,2024-10-05 11:28:02.731,casual,33.709199999999996,Midday
2024-10-05 10:54:23.271,2024-10-05 11:12:34.295,casual,18.183733333333333,Midday
2024-10-05 10:56:37.900,2024-10-05 11:04:24.002,casual,7.768366666666666,Midday
2024-10-05 10:56:53.847,2024-10-05 11:01:23.812,member,4.499416666666666,Midday
2024-10-05 10:57:28.375,2024-10-05 11:18:32.475,casual,21.06833333333333,Midday
2024-10-05 10:57:29.351,2024-10-05 11:02:24.444,member,4.918216666666667,Midday
2024-10-05 10:58:20.430,2024-10-05 11:04:01.495,member,5.6844166666666665,Midday
2024-10-05 10:59:05.614,2024-10-05 11:10:15.059,member,11.157416666666668,Midday
2024-10-05 10:59:21.636,2024-10-05 11:02:20.432,member,2.9799333333333333,Midday
2024-10-05 10:59:52.605,2024-10-05 11:13:29.052,casual,13.60745,Midday
2024-10-05 11:00:01.963,2024-10-05 11:08:16.172,member,8.236816666666666,Midday
2024-10-05 11:00:11.031,2024-10-05 11:13:39.494,member,13.474383333333332,Midday
2024-10-05 11:00:11.575,2024-10-05 11:02:48.680,casual,2.6184166666666666,Midday
2024-10-05 11:00:24.149,2024-10-05 11:02:17.827,member,1.8946333333333334,Midday
2024-10-05 11:00:29.038,2024-10-05 11:02:46.676,casual,2.293966666666667,Midday
2024-10-05 11:00:35.516,2024-10-05 11:26:23.759,member,25.80405,Midday
2024-10-05 11:01:16.613,2024-10-05 11:01:19.168,casual,0.042583333333333334,Midday
2024-10-05 11:01:27.993,2024-10-05 11:07:03.979,member,5.599766666666667,Midday
2024-10-05 11:01:33.565,2024-10-05 11:07:44.922,member,6.189283333333334,Midday
2024-10-05 11:01:46.054,2024-10-05 11:10:41.373,member,8.921983333333333,Midday
2024-10-05 11:02:03.162,2024-10-05 11:16:34.375,casual,14.520216666666666,Midday
2024-10-05 11:02:33.808,2024-10-05 11:16:31.223,casual,13.956916666666666,Midday
2024-10-05 11:02:41.407,2024-10-05 11:13:59.030,casual,11.293716666666667,Midday
2024-10-05 11:03:24.246,2024-10-05 11:04:23.804,member,0.9926333333333334,Midday
2024-10-05 11:03:27.897,2024-10-05 11:03:45.189,member,0.2882,Midday
2024-10-05 11:03:57.947,2024-10-05 11:15:46.835,member,11.8148,Midday
2024-10-05 11:04:47.864,2024-10-05 11:22:38.444,member,17.843,Midday
2024-10-05 11:05:16.152,2024-10-05 11:15:39.336,casual,10.3864,Midday
2024-10-05 11:05:31.479,2024-10-05 11:10:12.198,member,4.67865,Midday
2024-10-05 11:05:44.979,2024-10-05 11:28:45.652,casual,23.011216666666666,Midday
2024-10-05 11:08:10.683,2024-10-05 12:14:11.228,casual,66.00908333333334,Midday
2024-10-05 11:08:50.036,2024-10-05 11:26:17.729,member,17.46155,Midday
2024-10-05 11:10:17.131,2024-10-05 12:16:18.001,casual,66.0145,Midday
2024-10-05 11:10:24.869,2024-10-05 11:16:32.886,casual,6.133616666666667,Midday
2024-10-05 11:10:52.291,2024-10-05 11:35:27.727,member,24.5906,Midday
2024-10-05 11:12:07.689,2024-10-05 11:20:19.655,casual,8.199433333333333,Midday
2024-10-05 11:12:45.114,2024-10-05 11:22:13.527,member,9.47355,Midday
2024-10-05 11:12:47.720,2024-10-05 11:33:48.443,casual,21.01205,Midday
2024-10-05 11:13:45.874,2024-10-05 11:45:03.269,casual,31.289916666666667,Midday
2024-10-05 11:13:49.788,2024-10-05 11:20:34.777,casual,6.749816666666666,Midday
2024-10-05 11:14:08.116,2024-10-05 11:17:48.575,member,3.674316666666667,Midday
2024-10-05 11:14:15.152,2024-10-05 11:23:04.437,member,8.821416666666666,Midday
2024-10-05 11:14:16.524,2024-10-05 11:23:27.366,casual,9.1807,Midday
2024-10-05 11:14:37.348,2024-10-05 11:48:20.874,member,33.725433333333335,Midday
2024-10-05 11:14:48.071,2024-10-05 11:28:06.095,casual,13.3004,Midday
2024-10-05 11:15:51.279,2024-10-05 11:35:57.507,casual,20.1038,Midday
2024-10-05 11:16:01.105,2024-10-05 11:34:04.678,casual,18.05955,Midday
2024-10-05 11:17:34.997,2024-10-05 11:27:32.066,casual,9.95115,Midday
2024-10-05 11:17:36.244,2024-10-05 11:47:23.489,member,29.787416666666665,Midday
2024-10-05 11:18:23.044,2024-10-05 11:38:58.502,casual,20.590966666666667,Midday
2024-10-05 11:18:36.758,2024-10-05 11:25:00.651,casual,6.398216666666666,Midday
2024-10-05 11:18:43.833,2024-10-05 11:32:08.843,member,13.416833333333333,Midday
2024-10-05 11:19:21.350,2024-10-05 11:56:00.732,casual,36.65636666666667,Midday
2024-10-05 11:20:09.378,2024-10-05 11:28:58.577,member,8.819983333333333,Midday
2024-10-05 11:20:12.805,2024-10-05 12:04:53.055,casual,44.670833333333334,Midday
2024-10-05 11:20:24.827,2024-10-05 11:41:35.528,member,21.178350000000002,Midday
2024-10-05 11:20:35.755,2024-10-05 11:36:23.331,member,15.792933333333334,Midday
2024-10-05 11:20:41.800,2024-10-05 11:28:32.887,member,7.85145,Midday
2024-10-05 11:20:42.244,2024-10-05 11:32:40.561,casual,11.97195,Midday
2024-10-05 11:20:45.701,2024-10-05 11:23:48.642,member,3.0490166666666667,Midday
2024-10-05 11:20:49.030,2024-10-05 11:24:57.046,casual,4.1335999999999995,Midday
2024-10-05 11:20:56.005,2024-10-05 11:36:34.683,casual,15.644633333333333,Midday
2024-10-05 11:20:59.004,2024-10-05 11:24:48.067,member,3.8177166666666666,Midday
2024-10-05 11:21:05.941,2024-10-05 11:38:15.280,member,17.155649999999998,Midday
2024-10-05 11:21:13.855,2024-10-05 11:32:57.510,casual,11.727583333333333,Midday
2024-10-05 11:22:52.644,2024-10-05 11:33:51.512,casual,10.981133333333334,Midday
2024-10-05 11:23:09.978,2024-10-05 11:28:22.979,casual,5.216683333333333,Midday
2024-10-05 11:23:20.226,2024-10-05 11:41:57.838,member,18.62686666666667,Midday
2024-10-05 11:23:51.872,2024-10-05 11:35:50.626,casual,11.979233333333333,Midday
2024-10-05 11:24:17.109,2024-10-05 11:33:27.841,casual,9.178866666666666,Midday
2024-10-05 11:24:35.652,2024-10-05 11:39:43.456,member,15.130066666666666,Midday
2024-10-05 11:25:06.515,2024-10-05 11:45:46.802,casual,20.67145,Midday
2024-10-05 11:25:25.512,2024-10-05 11:31:19.191,casual,5.8946499999999995,Midday
2024-10-05 11:27:17.867,2024-10-05 11:35:27.306,casual,8.157316666666667,Midday
2024-10-05 11:27:17.948,2024-10-05 11:31:08.856,member,3.8484666666666665,Midday
2024-10-05 11:29:28.338,2024-10-05 11:34:05.455,member,4.618616666666667,Midday
2024-10-05 11:29:34.493,2024-10-05 11:36:22.782,member,6.8048166666666665,Midday
2024-10-05 11:30:04.172,2024-10-05 11:33:45.317,casual,3.68575,Midday
2024-10-05 11:30:06.840,2024-10-05 11:50:43.329,casual,20.608150000000002,Midday
2024-10-05 11:31:20.987,2024-10-05 11:32:38.731,casual,1.2957333333333334,Midday
2024-10-05 11:31:52.417,2024-10-05 11:34:36.580,member,2.73605,Midday
2024-10-05 11:31:58.819,2024-10-05 11:35:08.844,member,3.1670833333333333,Midday
2024-10-05 11:32:57.262,2024-10-05 11:33:42.050,casual,0.7464666666666666,Midday
2024-10-05 11:34:26.839,2024-10-05 11:39:20.300,member,4.891016666666667,Midday
2024-10-05 11:34:32.666,2024-10-05 11:43:59.808,casual,9.452366666666668,Midday
2024-10-05 11:34:45.952,2024-10-05 12:27:59.111,casual,53.21931666666667,Midday
2024-10-05 11:35:50.720,2024-10-05 12:04:49.183,casual,28.974383333333332,Midday
2024-10-05 11:36:10.911,2024-10-05 12:05:38.262,member,29.45585,Midday
2024-10-05 11:36:52.506,2024-10-05 11:52:24.746,casual,15.537333333333333,Midday
2024-10-05 11:38:17.022,2024-10-05 11:52:15.804,casual,13.979700000000001,Midday
2024-10-05 11:38:55.346,2024-10-05 11:39:22.650,casual,0.4550666666666666,Midday
2024-10-05 11:38:55.403,2024-10-05 12:38:56.550,casual,60.01911666666667,Midday
2024-10-05 11:39:01.787,2024-10-05 11:44:45.431,member,5.7274,Midday
2024-10-05 11:39:06.166,2024-10-05 12:12:13.454,casual,33.12146666666667,Midday
2024-10-05 11:39:23.869,2024-10-05 11:57:49.582,member,18.428549999999998,Midday
2024-10-05 11:39:28.673,2024-10-05 11:47:13.435,member,7.746033333333333,Midday
2024-10-05 11:39:36.771,2024-10-05 12:10:20.958,casual,30.736449999999998,Midday
2024-10-05 11:40:16.225,2024-10-05 11:54:03.860,member,13.793916666666666,Midday
2024-10-05 11:40:31.018,2024-10-05 11:47:45.927,member,7.248483333333334,Midday
2024-10-05 11:40:32.041,2024-10-05 11:53:02.382,casual,12.505683333333334,Midday
2024-10-05 11:40:37.070,2024-10-05 11:54:02.889,member,13.430316666666666,Midday
2024-10-05 11:43:10.337,2024-10-05 11:56:28.424,casual,13.301449999999999,Midday
2024-10-05 11:43:16.707,2024-10-05 11:49:26.305,member,6.159966666666667,Midday
2024-10-05 11:43:23.246,2024-10-05 11:51:29.447,member,8.10335,Midday
2024-10-05 11:43:49.817,2024-10-05 11:53:36.992,member,9.786249999999999,Midday
2024-10-05 11:44:03.732,2024-10-05 11:45:30.898,member,1.4527666666666665,Midday
2024-10-05 11:45:00.288,2024-10-05 12:00:26.090,casual,15.430033333333334,Midday
2024-10-05 11:45:22.793,2024-10-05 11:54:47.884,member,9.418183333333333,Midday
2024-10-05 11:45:37.069,2024-10-05 11:45:57.941,casual,0.34786666666666666,Midday
2024-10-05 11:45:37.289,2024-10-05 11:50:18.761,member,4.691199999999999,Midday
2024-10-05 11:45:54.278,2024-10-05 11:57:30.660,casual,11.606366666666666,Midday
2024-10-05 11:46:11.928,2024-10-05 12:05:04.330,member,18.873366666666666,Midday
2024-10-05 11:46:46.605,2024-10-05 12:11:36.615,casual,24.8335,Midday
2024-10-05 11:47:14.085,2024-10-05 11:58:33.486,member,11.32335,Midday
2024-10-05 11:47:21.703,2024-10-05 12:11:29.984,member,24.138016666666665,Midday
2024-10-05 11:47:29.414,2024-10-05 12:01:20.579,member,13.852749999999999,Midday
2024-10-05 11:48:26.775,2024-10-05 12:18:27.859,member,30.018066666666666,Midday
2024-10-05 11:48:32.012,2024-10-05 11:53:42.747,member,5.178916666666667,Midday
2024-10-05 11:48:36.142,2024-10-05 11:53:45.410,member,5.154466666666666,Midday
2024-10-05 11:48:52.694,2024-10-05 11:55:17.014,member,6.405333333333333,Midday
2024-10-05 11:48:57.126,2024-10-05 12:09:08.052,casual,20.1821,Midday
2024-10-05 11:50:09.369,2024-10-05 12:00:55.993,casual,10.777066666666666,Midday
2024-10-05 11:50:19.838,2024-10-05 11:55:50.759,casual,5.51535,Midday
2024-10-05 11:50:34.522,2024-10-05 12:00:49.572,member,10.250833333333333,Midday
2024-10-05 11:51:12.988,2024-10-05 12:02:02.027,casual,10.817316666666667,Midday
2024-10-05 11:51:38.612,2024-10-05 12:12:51.591,casual,21.216316666666668,Midday
2024-10-05 11:52:03.339,2024-10-05 11:55:59.790,member,3.9408499999999997,Midday
2024-10-05 11:52:26.304,2024-10-05 12:05:05.103,casual,12.64665,Midday
2024-10-05 11:52:31.049,2024-10-05 12:08:27.295,member,15.937433333333333,Midday
2024-10-05 11:53:08.770,2024-10-05 11:56:55.223,member,3.7742166666666668,Midday
2024-10-05 11:53:25.898,2024-10-05 12:02:47.279,casual,9.356349999999999,Midday
2024-10-05 11:53:49.419,2024-10-05 12:04:43.217,member,10.896633333333334,Midday
2024-10-05 11:53:50.305,2024-10-05 11:57:00.535,member,3.1704999999999997,Midday
2024-10-05 11:54:00.789,2024-10-05 12:01:36.838,casual,7.600816666666666,Midday
2024-10-05 11:54:45.142,2024-10-05 13:39:32.519,casual,104.78961666666667,Midday
2024-10-05 11:54:45.802,2024-10-05 12:04:12.839,member,9.450616666666667,Midday
2024-10-05 11:55:02.268,2024-10-05 12:07:33.848,member,12.526333333333334,Midday
2024-10-05 11:55:39.500,2024-10-05 13:57:31.673,casual,121.86954999999999,Midday
2024-10-05 11:55:42.286,2024-10-05 12:04:52.853,member,9.176116666666667,Midday
2024-10-05 11:56:26.796,2024-10-05 11:58:26.150,member,1.9892333333333334,Midday
2024-10-05 11:56:57.647,2024-10-05 12:16:33.508,casual,19.597683333333336,Midday
2024-10-05 11:57:05.087,2024-10-05 12:00:40.877,casual,3.5965,Midday
2024-10-05 11:57:59.463,2024-10-05 12:21:06.012,casual,23.10915,Midday
2024-10-05 11:58:44.086,2024-10-05 12:08:45.642,member,10.025933333333334,Midday
2024-10-05 11:58:51.527,2024-10-05 12:12:05.217,casual,13.228166666666668,Midday
2024-10-05 11:59:08.537,2024-10-05 12:01:52.388,member,2.7308499999999998,Midday
2024-10-05 11:59:36.607,2024-10-05 12:08:25.689,member,8.818033333333334,Midday
2024-10-05 11:59:54.505,2024-10-05 13:48:48.783,casual,108.90463333333334,Midday
2024-10-05 12:00:15.414,2024-10-05 12:17:30.626,member,17.253533333333333,Midday
2024-10-05 12:00:16.215,2024-10-05 12:03:58.726,casual,3.7085166666666667,Midday
2024-10-05 12:00:20.034,2024-10-05 12:12:10.647,casual,11.84355,Midday
2024-10-05 12:00:30.023,2024-10-05 12:05:05.102,member,4.58465,Midday
2024-10-05 12:00:36.774,2024-10-05 12:02:22.497,member,1.76205,Midday
2024-10-05 12:00:53.708,2024-10-05 13:25:52.185,member,84.97461666666666,Midday
2024-10-05 12:00:54.005,2024-10-05 12:10:57.808,member,10.063383333333332,Midday
2024-10-05 12:01:12.079,2024-10-05 12:16:32.080,member,15.33335,Midday
2024-10-05 12:01:36.830,2024-10-05 12:05:13.416,member,3.609766666666667,Midday
2024-10-05 12:02:20.605,2024-10-05 12:22:13.641,member,19.883933333333335,Midday
2024-10-05 12:02:36.489,2024-10-05 12:15:18.942,casual,12.70755,Midday
2024-10-05 12:03:11.495,2024-10-05 12:14:20.679,casual,11.153066666666666,Midday
2024-10-05 12:03:29.407,2024-10-05 12:07:26.213,casual,3.946766666666667,Midday
2024-10-05 12:03:29.483,2024-10-05 12:12:13.740,member,8.737616666666666,Midday
2024-10-05 12:04:03.272,2024-10-05 12:14:08.574,member,10.088366666666667,Midday
2024-10-05 12:04:06.113,2024-10-05 12:20:37.442,member,16.52215,Midday
2024-10-05 12:05:09.748,2024-10-05 12:29:12.917,casual,24.05281666666667,Midday
2024-10-05 12:06:02.219,2024-10-05 12:12:15.363,member,6.2190666666666665,Midday
2024-10-05 12:07:06.796,2024-10-05 12:36:18.710,casual,29.198566666666668,Midday
2024-10-05 12:07:26.788,2024-10-05 12:14:14.438,member,6.7941666666666665,Midday
2024-10-05 12:07:59.585,2024-10-05 12:09:34.377,casual,1.5798666666666668,Midday
2024-10-05 12:08:53.746,2024-10-05 12:14:23.469,member,5.495383333333334,Midday
2024-10-05 12:09:27.211,2024-10-05 12:18:06.467,member,8.654266666666667,Midday
2024-10-05 12:10:28.941,2024-10-05 12:20:55.439,member,10.441633333333334,Midday
2024-10-05 12:10:53.281,2024-10-05 12:33:02.788,casual,22.158450000000002,Midday
2024-10-05 12:11:48.099,2024-10-05 12:25:07.636,casual,13.325616666666667,Midday
2024-10-05 12:12:43.284,2024-10-05 12:23:00.547,casual,10.287716666666666,Midday
2024-10-05 12:12:45.467,2024-10-05 12:18:53.969,member,6.1417,Midday
2024-10-05 12:14:30.516,2024-10-05 12:25:12.697,casual,10.703016666666667,Midday
2024-10-05 12:15:04.733,2024-10-05 12:29:36.758,member,14.53375,Midday
2024-10-05 12:15:17.216,2024-10-05 12:20:08.733,casual,4.858616666666666,Midday
2024-10-05 12:15:18.600,2024-10-05 12:25:14.169,casual,9.92615,Midday
2024-10-05 12:15:57.415,2024-10-05 12:33:13.990,casual,17.27625,Midday
2024-10-05 12:16:25.091,2024-10-05 12:33:45.638,member,17.34245,Midday
2024-10-05 12:16:30.882,2024-10-05 12:28:38.891,casual,12.133483333333334,Midday
2024-10-05 12:16:31.569,2024-10-05 12:19:59.644,casual,3.4679166666666665,Midday
2024-10-05 12:16:33.170,2024-10-05 12:21:28.328,member,4.919300000000001,Midday
2024-10-05 12:16:41.844,2024-10-05 12:30:22.355,member,13.675183333333333,Midday
2024-10-05 12:17:23.939,2024-10-05 12:22:35.375,casual,5.1906,Midday
2024-10-05 12:18:02.545,2024-10-05 12:18:15.711,member,0.21943333333333334,Midday
2024-10-05 12:18:03.588,2024-10-05 12:41:24.610,member,23.350366666666666,Midday
2024-10-05 12:18:35.594,2024-10-05 12:29:47.640,casual,11.200766666666668,Midday
2024-10-05 12:18:48.697,2024-10-05 12:26:38.234,member,7.825616666666666,Midday
2024-10-05 12:19:14.935,2024-10-05 12:23:13.731,casual,3.9799333333333333,Midday
2024-10-05 12:19:18.002,2024-10-05 12:34:47.505,member,15.491716666666667,Midday
2024-10-05 12:20:15.785,2024-10-05 12:30:42.067,member,10.438033333333333,Midday
2024-10-05 12:20:49.660,2024-10-05 12:28:50.484,casual,8.013733333333333,Midday
2024-10-05 12:21:00.685,2024-10-05 12:27:19.027,member,6.3057,Midday
2024-10-05 12:21:15.697,2024-10-05 12:27:49.201,member,6.558400000000001,Midday
2024-10-05 12:21:28.714,2024-10-05 12:30:15.114,member,8.773333333333333,Midday
2024-10-05 12:21:38.861,2024-10-05 12:44:58.259,casual,23.3233,Midday
2024-10-05 12:21:40.007,2024-10-05 12:36:53.439,member,15.223866666666668,Midday
2024-10-05 12:21:47.579,2024-10-05 12:34:25.183,casual,12.626733333333334,Midday
2024-10-05 12:21:50.798,2024-10-05 13:08:07.997,casual,46.28665,Midday
2024-10-05 12:22:46.053,2024-10-05 12:42:01.339,casual,19.25476666666667,Midday
2024-10-05 12:23:25.996,2024-10-05 12:46:02.446,member,22.6075,Midday
2024-10-05 12:23:49.305,2024-10-05 12:34:38.254,member,10.815816666666667,Midday
2024-10-05 12:23:58.140,2024-10-05 12:32:33.955,member,8.596916666666667,Midday
2024-10-05 12:24:53.408,2024-10-05 12:31:00.727,member,6.1219833333333336,Midday
2024-10-05 12:25:34.858,2024-10-05 12:34:49.615,member,9.245949999999999,Midday
2024-10-05 12:25:57.876,2024-10-05 12:41:59.261,casual,16.023083333333332,Midday
2024-10-05 12:26:28.272,2024-10-05 12:35:29.190,member,9.0153,Midday
2024-10-05 12:26:30.088,2024-10-05 12:43:45.024,casual,17.248933333333333,Midday
2024-10-05 12:27:07.961,2024-10-05 12:32:05.082,member,4.952016666666666,Midday
2024-10-05 12:27:17.209,2024-10-05 12:41:39.544,casual,14.372250000000001,Midday
2024-10-05 12:27:34.235,2024-10-05 12:59:10.680,casual,31.607416666666666,Midday
2024-10-05 12:27:39.185,2024-10-05 12:34:59.271,casual,7.334766666666667,Midday
2024-10-05 12:27:58.223,2024-10-05 12:40:15.007,casual,12.279733333333333,Midday
2024-10-05 12:29:31.096,2024-10-05 12:33:33.682,casual,4.0431,Midday
2024-10-05 12:29:53.939,2024-10-05 12:39:18.712,casual,9.412883333333333,Midday
2024-10-05 12:30:55.042,2024-10-05 12:41:16.780,casual,10.362300000000001,Midday
2024-10-05 12:30:57.601,2024-10-05 12:38:17.708,member,7.335116666666667,Midday
2024-10-05 12:31:57.164,2024-10-05 12:40:43.504,member,8.772333333333334,Midday
2024-10-05 12:32:59.237,2024-10-05 12:38:55.639,member,5.940033333333333,Midday
2024-10-05 12:33:35.461,2024-10-05 12:42:53.028,member,9.292783333333334,Midday
2024-10-05 12:33:37.782,2024-10-05 12:45:06.709,member,11.482116666666666,Midday
2024-10-05 12:33:56.206,2024-10-05 12:46:37.467,member,12.687683333333332,Midday
2024-10-05 12:34:35.381,2024-10-05 12:47:30.764,member,12.92305,Midday
2024-10-05 12:34:53.086,2024-10-05 12:49:44.791,member,14.86175,Midday
2024-10-05 12:34:56.145,2024-10-05 12:41:12.727,member,6.276366666666666,Midday
2024-10-05 12:35:04.805,2024-10-05 13:23:02.138,casual,47.95555,Midday
2024-10-05 12:35:11.209,2024-10-05 12:41:23.341,casual,6.2022,Midday
2024-10-05 12:35:31.497,2024-10-05 12:51:42.506,member,16.183483333333335,Midday
2024-10-05 12:36:28.786,2024-10-05 13:33:42.965,casual,57.23631666666667,Midday
2024-10-05 12:36:30.219,2024-10-05 13:22:57.557,member,46.45563333333334,Midday
2024-10-05 12:36:31.750,2024-10-05 13:04:16.836,casual,27.751433333333335,Midday
2024-10-05 12:36:50.999,2024-10-05 12:42:15.615,member,5.410266666666667,Midday
2024-10-05 12:37:23.719,2024-10-05 12:42:54.602,member,5.514716666666667,Midday
2024-10-05 12:37:54.577,2024-10-05 12:46:37.444,casual,8.71445,Midday
2024-10-05 12:38:26.568,2024-10-05 12:48:41.294,casual,10.245433333333333,Midday
2024-10-05 12:39:22.804,2024-10-05 12:43:31.421,casual,4.1436166666666665,Midday
2024-10-05 12:39:48.113,2024-10-05 12:54:47.832,casual,14.995316666666668,Midday
2024-10-05 12:39:56.192,2024-10-05 12:43:16.599,member,3.340116666666667,Midday
2024-10-05 12:40:02.774,2024-10-05 12:56:23.656,casual,16.348033333333333,Midday
2024-10-05 12:40:10.701,2024-10-05 12:40:21.336,casual,0.17725,Midday
2024-10-05 12:40:14.166,2024-10-05 13:04:27.449,casual,24.221383333333332,Midday
2024-10-05 12:40:35.029,2024-10-05 12:46:07.211,member,5.536366666666667,Midday
2024-10-05 12:40:37.333,2024-10-05 12:43:55.833,member,3.308333333333333,Midday
2024-10-05 12:40:45.478,2024-10-05 12:56:42.960,member,15.958033333333333,Midday
2024-10-05 12:41:10.878,2024-10-05 12:48:47.675,member,7.613283333333333,Midday
2024-10-05 12:41:26.306,2024-10-05 12:45:27.593,member,4.02145,Midday
2024-10-05 12:41:40.856,2024-10-05 12:51:54.786,casual,10.232166666666666,Midday
2024-10-05 12:42:12.920,2024-10-05 12:51:42.644,casual,9.4954,Midday
2024-10-05 12:42:25.629,2024-10-05 12:51:42.158,casual,9.275483333333334,Midday
2024-10-05 12:42:30.857,2024-10-05 12:47:55.761,member,5.415066666666666,Midday
2024-10-05 12:43:13.945,2024-10-05 12:57:56.809,member,14.714400000000001,Midday
2024-10-05 12:43:16.214,2024-10-05 12:44:10.786,member,0.9095333333333334,Midday
2024-10-05 12:43:34.062,2024-10-05 13:00:13.277,member,16.653583333333334,Midday
2024-10-05 12:43:37.469,2024-10-05 12:45:59.854,casual,2.373083333333333,Midday
2024-10-05 12:44:02.174,2024-10-05 12:50:53.591,casual,6.856949999999999,Midday
2024-10-05 12:44:26.351,2024-10-05 12:59:51.148,casual,15.413283333333334,Midday
2024-10-05 12:44:35.898,2024-10-05 13:00:11.954,member,15.600933333333334,Midday
2024-10-05 12:44:36.024,2024-10-05 12:52:54.602,casual,8.309633333333332,Midday
2024-10-05 12:44:46.146,2024-10-05 13:05:12.169,casual,20.433716666666665,Midday
2024-10-05 12:44:49.942,2024-10-05 12:58:42.731,member,13.879816666666667,Midday
2024-10-05 12:45:20.907,2024-10-05 12:56:35.103,member,11.236600000000001,Midday
2024-10-05 12:45:22.869,2024-10-05 12:56:14.075,member,10.853433333333333,Midday
2024-10-05 12:45:34.337,2024-10-05 12:55:40.467,member,10.102166666666667,Midday
2024-10-05 12:45:42.592,2024-10-05 13:09:44.711,member,24.035316666666667,Midday
2024-10-05 12:46:03.050,2024-10-05 12:53:36.970,member,7.565333333333333,Midday
2024-10-05 12:46:41.508,2024-10-05 12:52:27.290,casual,5.7630333333333335,Midday
2024-10-05 12:46:59.091,2024-10-05 12:55:41.806,casual,8.711916666666667,Midday
2024-10-05 12:47:19.826,2024-10-05 12:47:28.947,member,0.15201666666666666,Midday
2024-10-05 12:47:35.570,2024-10-05 12:55:23.944,casual,7.806233333333334,Midday
2024-10-05 12:47:51.035,2024-10-05 12:55:26.996,member,7.59935,Midday
2024-10-05 12:48:06.257,2024-10-05 13:08:05.750,casual,19.99155,Midday
2024-10-05 12:48:31.277,2024-10-05 12:53:45.661,member,5.239733333333334,Midday
2024-10-05 12:48:50.755,2024-10-05 13:40:03.730,casual,51.216249999999995,Midday
2024-10-05 12:49:10.029,2024-10-05 13:05:49.250,member,16.653683333333333,Midday
2024-10-05 12:50:38.519,2024-10-05 13:13:03.298,member,22.412983333333333,Midday
2024-10-05 12:50:45.035,2024-10-05 12:56:18.775,member,5.562333333333333,Midday
2024-10-05 12:50:47.843,2024-10-05 13:03:13.492,casual,12.427483333333333,Midday
2024-10-05 12:51:18.179,2024-10-05 12:53:10.669,member,1.8748333333333334,Midday
2024-10-05 12:51:31.647,2024-10-05 13:08:36.108,casual,17.07435,Midday
2024-10-05 12:52:15.175,2024-10-05 13:55:24.874,casual,63.16165,Midday
2024-10-05 12:52:59.454,2024-10-05 12:59:25.770,member,6.438599999999999,Midday
2024-10-05 12:53:08.884,2024-10-05 12:57:04.219,member,3.92225,Midday
2024-10-05 12:53:14.492,2024-10-05 13:08:29.091,member,15.243316666666667,Midday
2024-10-05 12:53:18.206,2024-10-05 12:58:05.530,casual,4.788733333333334,Midday
2024-10-05 12:53:59.011,2024-10-05 13:06:50.651,member,12.860666666666667,Midday
2024-10-05 12:54:48.438,2024-10-05 12:58:22.650,member,3.5702,Midday
2024-10-05 12:55:32.139,2024-10-05 13:06:40.467,member,11.1388,Midday
2024-10-05 12:56:05.588,2024-10-05 13:14:02.554,casual,17.94943333333333,Midday
2024-10-05 12:56:19.158,2024-10-05 13:27:53.302,casual,31.569066666666668,Midday
2024-10-05 12:56:25.447,2024-10-05 13:08:28.182,member,12.045583333333333,Midday
2024-10-05 12:56:26.399,2024-10-05 13:15:47.269,casual,19.34783333333333,Midday
2024-10-05 12:56:50.886,2024-10-05 13:27:07.431,member,30.275750000000002,Midday
2024-10-05 12:57:01.284,2024-10-05 13:02:30.867,casual,5.49305,Midday
2024-10-05 12:57:14.416,2024-10-05 13:02:25.589,casual,5.186216666666667,Midday
2024-10-05 12:57:28.810,2024-10-05 13:08:52.746,member,11.398933333333334,Midday
2024-10-05 12:57:38.808,2024-10-05 13:18:11.501,member,20.544883333333335,Midday
2024-10-05 12:59:07.046,2024-10-05 13:33:12.499,member,34.09088333333333,Midday
2024-10-05 12:59:19.941,2024-10-05 13:07:03.258,member,7.7219500000000005,Midday
2024-10-05 12:59:27.848,2024-10-05 13:29:11.921,member,29.734550000000002,Midday
2024-10-05 12:59:48.854,2024-10-05 13:13:16.007,casual,13.45255,Midday
2024-10-05 13:00:17.570,2024-10-05 13:11:35.971,casual,11.306683333333332,Midday
2024-10-05 13:01:07.117,2024-10-05 13:16:04.804,member,14.961450000000001,Midday
2024-10-05 13:01:32.479,2024-10-05 13:21:59.386,member,20.448449999999998,Midday
2024-10-05 13:02:58.994,2024-10-05 13:08:02.678,member,5.061400000000001,Midday
2024-10-05 13:03:04.799,2024-10-05 13:09:43.117,casual,6.638633333333333,Midday
2024-10-05 13:03:11.437,2024-10-05 13:14:01.204,casual,10.829450000000001,Midday
2024-10-05 13:03:22.774,2024-10-05 13:07:33.124,member,4.1725,Midday
2024-10-05 13:03:31.038,2024-10-05 14:12:45.051,casual,69.23355,Midday
2024-10-05 13:03:37.376,2024-10-05 13:23:59.046,member,20.36116666666667,Midday
2024-10-05 13:03:54.251,2024-10-05 13:45:49.522,casual,41.92118333333334,Midday
2024-10-05 13:03:57.260,2024-10-05 13:17:17.874,casual,13.343566666666668,Midday
2024-10-05 13:04:37.582,2024-10-05 13:12:15.481,member,7.63165,Midday
2024-10-05 13:04:46.655,2024-10-05 13:18:01.388,member,13.24555,Midday
2024-10-05 13:04:50.633,2024-10-05 13:15:11.058,casual,10.340416666666666,Midday
2024-10-05 13:05:10.627,2024-10-05 13:24:35.560,casual,19.41555,Midday
2024-10-05 13:05:21.447,2024-10-05 13:08:26.221,member,3.0795666666666666,Midday
2024-10-05 13:06:59.912,2024-10-05 13:45:03.278,casual,38.0561,Midday
2024-10-05 13:07:11.880,2024-10-05 13:13:24.925,casual,6.217416666666667,Midday
2024-10-05 13:07:30.938,2024-10-05 13:12:15.904,member,4.749433333333333,Midday
2024-10-05 13:07:39.511,2024-10-05 13:53:28.390,casual,45.81465,Midday
2024-10-05 13:07:43.523,2024-10-05 13:19:34.895,casual,11.8562,Midday
2024-10-05 13:08:10.502,2024-10-05 13:21:25.174,casual,13.244533333333333,Midday
2024-10-05 13:08:14.007,2024-10-05 13:31:05.658,member,22.860850000000003,Midday
2024-10-05 13:08:19.198,2024-10-05 13:15:44.618,casual,7.423666666666667,Midday
2024-10-05 13:08:22.112,2024-10-05 13:11:05.266,member,2.7192333333333334,Midday
2024-10-05 13:08:27.005,2024-10-05 13:46:31.389,member,38.07306666666667,Midday
2024-10-05 13:08:52.346,2024-10-05 13:22:29.065,casual,13.611983333333335,Midday
2024-10-05 13:09:12.619,2024-10-05 13:24:45.737,casual,15.551966666666667,Midday
2024-10-05 13:09:58.327,2024-10-05 13:19:45.084,member,9.779283333333332,Midday
2024-10-05 13:11:17.201,2024-10-05 13:37:56.827,casual,26.660433333333334,Midday
2024-10-05 13:11:22.797,2024-10-05 13:23:54.932,member,12.535583333333333,Midday
2024-10-05 13:11:27.408,2024-10-05 13:18:25.864,member,6.974266666666667,Midday
2024-10-05 13:11:32.038,2024-10-05 13:21:24.005,member,9.866116666666667,Midday
2024-10-05 13:11:37.012,2024-10-05 13:39:47.819,casual,28.180116666666667,Midday
2024-10-05 13:11:54.696,2024-10-05 13:14:22.781,member,2.4680833333333334,Midday
2024-10-05 13:12:15.999,2024-10-05 13:16:55.380,member,4.65635,Midday
2024-10-05 13:13:34.385,2024-10-05 13:42:42.628,member,29.137383333333332,Midday
2024-10-05 13:14:04.113,2024-10-05 13:18:05.069,member,4.015933333333333,Midday
2024-10-05 13:14:15.787,2024-10-05 13:24:18.377,casual,10.043166666666668,Midday
2024-10-05 13:14:37.312,2024-10-05 13:29:30.496,casual,14.8864,Midday
2024-10-05 13:15:12.577,2024-10-05 13:23:01.984,casual,7.823449999999999,Midday
2024-10-05 13:15:16.006,2024-10-05 13:33:57.270,member,18.68773333333333,Midday
2024-10-05 13:15:18.385,2024-10-05 13:28:11.420,casual,12.883916666666666,Midday
2024-10-05 13:15:36.494,2024-10-05 13:55:55.474,casual,40.31633333333333,Midday
2024-10-05 13:15:45.357,2024-10-05 13:24:00.470,casual,8.251883333333334,Midday
2024-10-05 13:15:59.813,2024-10-05 13:29:46.324,member,13.775183333333333,Midday
2024-10-05 13:16:06.364,2024-10-05 13:20:33.314,casual,4.449166666666667,Midday
2024-10-05 13:16:13.828,2024-10-05 13:41:05.955,member,24.868783333333333,Midday
2024-10-05 13:16:55.090,2024-10-05 13:20:40.537,casual,3.75745,Midday
2024-10-05 13:17:29.618,2024-10-05 13:20:19.318,casual,2.828333333333333,Midday
2024-10-05 13:18:12.464,2024-10-05 14:12:37.802,casual,54.4223,Midday
2024-10-05 13:18:50.405,2024-10-05 13:25:47.694,casual,6.954816666666667,Midday
2024-10-05 13:18:58.310,2024-10-05 13:50:11.459,casual,31.21915,Midday
2024-10-05 13:19:15.151,2024-10-05 13:24:38.746,casual,5.39325,Midday
2024-10-05 13:19:32.064,2024-10-05 13:33:52.638,member,14.342899999999998,Midday
2024-10-05 13:19:45.297,2024-10-05 13:23:16.234,casual,3.515616666666667,Midday
2024-10-05 13:20:16.846,2024-10-05 13:43:44.417,member,23.459516666666666,Midday
2024-10-05 13:20:19.961,2024-10-05 13:24:55.312,member,4.589183333333334,Midday
2024-10-05 13:21:10.729,2024-10-05 14:36:36.036,casual,75.42178333333332,Midday
2024-10-05 13:22:10.891,2024-10-05 13:43:36.759,casual,21.43113333333333,Midday
2024-10-05 13:22:13.712,2024-10-05 13:39:27.103,casual,17.223183333333335,Midday
2024-10-05 13:22:34.164,2024-10-05 13:32:32.261,casual,9.968283333333334,Midday
2024-10-05 13:22:34.406,2024-10-05 13:29:51.850,member,7.290733333333334,Midday
2024-10-05 13:22:38.457,2024-10-05 13:30:10.896,member,7.54065,Midday
2024-10-05 13:22:47.520,2024-10-05 13:29:53.990,member,7.107833333333334,Midday
2024-10-05 13:22:55.842,2024-10-05 13:38:53.504,casual,15.961033333333335,Midday
2024-10-05 13:22:59.064,2024-10-05 13:29:51.741,member,6.87795,Midday
2024-10-05 13:23:12.743,2024-10-05 13:23:51.575,casual,0.6472,Midday
2024-10-05 13:23:21.295,2024-10-05 13:33:58.327,casual,10.6172,Midday
2024-10-05 13:24:02.684,2024-10-05 13:29:54.739,member,5.867583333333333,Midday
2024-10-05 13:24:31.876,2024-10-05 13:33:19.128,member,8.787533333333332,Midday
2024-10-05 13:24:40.558,2024-10-05 13:24:57.749,casual,0.28651666666666664,Midday
2024-10-05 13:25:30.838,2024-10-05 15:46:10.291,member,140.65755,Midday
2024-10-05 13:25:31.855,2024-10-05 14:07:13.080,casual,41.687083333333334,Midday
2024-10-05 13:25:46.911,2024-10-05 13:33:48.012,member,8.01835,Midday
2024-10-05 13:26:57.564,2024-10-05 13:26:59.157,member,0.02655,Midday
2024-10-05 13:26:59.320,2024-10-05 13:52:25.439,member,25.435316666666665,Midday
2024-10-05 13:27:13.725,2024-10-05 13:42:16.508,casual,15.046383333333333,Midday
2024-10-05 13:27:51.900,2024-10-05 13:44:14.792,casual,16.381533333333334,Midday
2024-10-05 13:28:13.288,2024-10-05 14:44:17.733,casual,76.07408333333333,Midday
2024-10-05 13:28:17.899,2024-10-05 13:44:01.728,casual,15.730483333333332,Midday
2024-10-05 13:30:13.349,2024-10-05 13:37:39.167,member,7.4303,Midday
2024-10-05 13:30:27.381,2024-10-05 13:35:09.963,member,4.7097,Midday
2024-10-05 13:30:45.395,2024-10-05 13:37:24.544,casual,6.6524833333333335,Midday
2024-10-05 13:31:15.629,2024-10-05 13:40:20.355,casual,9.078766666666667,Midday
2024-10-05 13:31:18.182,2024-10-05 14:53:08.571,casual,81.83981666666666,Midday
2024-10-05 13:31:20.645,2024-10-05 14:44:37.985,casual,73.289,Midday
2024-10-05 13:32:03.238,2024-10-05 15:01:31.471,casual,89.47055,Midday
2024-10-05 13:32:06.891,2024-10-05 13:40:41.108,casual,8.570283333333332,Midday
2024-10-05 13:33:18.133,2024-10-05 13:46:30.753,member,13.210333333333333,Midday
2024-10-05 13:33:21.074,2024-10-05 13:37:31.532,member,4.1743,Midday
2024-10-05 13:33:25.729,2024-10-05 13:39:07.442,member,5.695216666666667,Midday
2024-10-05 13:33:31.354,2024-10-05 14:08:52.812,member,35.35763333333333,Midday
2024-10-05 13:33:44.342,2024-10-05 13:45:21.609,casual,11.621116666666667,Midday
2024-10-05 13:33:54.048,2024-10-05 13:42:47.170,member,8.885366666666666,Midday
2024-10-05 13:34:07.520,2024-10-05 13:56:57.057,member,22.82561666666667,Midday
2024-10-05 13:34:29.070,2024-10-05 13:39:43.796,casual,5.245433333333334,Midday
2024-10-05 13:34:51.887,2024-10-05 13:59:27.085,member,24.586633333333335,Midday
2024-10-05 13:35:43.578,2024-10-05 13:40:59.065,member,5.258116666666667,Midday
2024-10-05 13:36:39.018,2024-10-05 13:46:27.798,member,9.812999999999999,Midday
2024-10-05 13:36:54.516,2024-10-05 13:47:27.183,member,10.544450000000001,Midday
2024-10-05 13:37:20.567,2024-10-05 13:44:23.970,member,7.056716666666667,Midday
2024-10-05 13:37:27.099,2024-10-05 13:46:26.938,member,8.997316666666668,Midday
2024-10-05 13:37:39.628,2024-10-05 13:40:20.437,casual,2.68015,Midday
2024-10-05 13:37:58.219,2024-10-05 13:58:02.892,casual,20.077883333333332,Midday
2024-10-05 13:38:03.295,2024-10-05 13:48:39.697,member,10.6067,Midday
2024-10-05 13:39:04.399,2024-10-05 13:52:16.012,member,13.19355,Midday
2024-10-05 13:39:22.037,2024-10-05 13:45:01.734,casual,5.661616666666666,Midday
2024-10-05 13:40:11.396,2024-10-05 14:00:12.837,casual,20.024016666666668,Midday
2024-10-05 13:40:42.116,2024-10-05 13:51:13.353,casual,10.520616666666665,Midday
2024-10-05 13:41:02.102,2024-10-05 14:07:22.484,casual,26.3397,Midday
2024-10-05 13:41:18.910,2024-10-05 13:45:17.109,member,3.9699833333333334,Midday
2024-10-05 13:41:22.213,2024-10-05 14:26:23.010,member,45.013283333333334,Midday
2024-10-05 13:41:25.420,2024-10-05 13:49:25.166,casual,7.9957666666666665,Midday
2024-10-05 13:41:43.162,2024-10-05 13:59:19.064,casual,17.598366666666667,Midday
2024-10-05 13:42:05.175,2024-10-05 13:56:07.661,casual,14.041433333333334,Midday
2024-10-05 13:42:54.504,2024-10-05 13:58:04.572,casual,15.1678,Midday
2024-10-05 13:43:13.021,2024-10-05 13:57:03.784,member,13.84605,Midday
2024-10-05 13:43:20.744,2024-10-05 13:45:28.866,casual,2.135366666666667,Midday
2024-10-05 13:44:07.369,2024-10-05 14:04:03.747,member,19.939633333333333,Midday
2024-10-05 13:44:11.457,2024-10-05 13:52:27.235,casual,8.262966666666667,Midday
2024-10-05 13:44:31.135,2024-10-05 13:51:42.285,casual,7.185833333333333,Midday
2024-10-05 13:44:54.537,2024-10-05 13:48:16.799,member,3.3710333333333335,Midday
2024-10-05 13:45:06.483,2024-10-05 13:48:14.404,member,3.1320166666666664,Midday
2024-10-05 13:45:20.638,2024-10-05 13:53:27.232,member,8.1099,Midday
2024-10-05 13:45:44.357,2024-10-05 13:53:01.697,casual,7.289,Midday
2024-10-05 13:46:17.370,2024-10-05 14:02:55.546,casual,16.636266666666668,Midday
2024-10-05 13:47:23.724,2024-10-05 13:59:04.069,casual,11.672416666666667,Midday
2024-10-05 13:47:46.744,2024-10-05 15:04:19.305,casual,76.54268333333333,Midday
2024-10-05 13:47:51.433,2024-10-05 13:58:45.909,casual,10.907933333333334,Midday
2024-10-05 13:47:54.020,2024-10-05 14:03:28.357,member,15.572283333333333,Midday
2024-10-05 13:48:09.345,2024-10-05 14:06:46.886,member,18.62568333333333,Midday
2024-10-05 13:48:24.750,2024-10-05 13:57:57.612,member,9.547699999999999,Midday
2024-10-05 13:48:37.947,2024-10-05 13:56:10.948,member,7.550016666666666,Midday
2024-10-05 13:50:00.148,2024-10-05 13:54:49.280,casual,4.818866666666667,Midday
2024-10-05 13:50:14.273,2024-10-05 14:05:12.174,member,14.965016666666665,Midday
2024-10-05 13:50:48.751,2024-10-05 14:02:22.779,casual,11.567133333333334,Midday
2024-10-05 13:50:56.910,2024-10-05 13:57:27.440,casual,6.508833333333333,Midday
2024-10-05 13:51:02.013,2024-10-05 13:52:25.335,casual,1.3887,Midday
2024-10-05 13:51:10.379,2024-10-05 14:03:08.348,casual,11.96615,Midday
2024-10-05 13:51:30.670,2024-10-05 13:59:41.913,member,8.187383333333333,Midday
2024-10-05 13:52:12.184,2024-10-05 14:02:56.171,member,10.733116666666666,Midday
2024-10-05 13:52:37.855,2024-10-05 14:07:09.959,casual,14.535066666666667,Midday
2024-10-05 13:54:20.948,2024-10-05 14:15:48.097,casual,21.45248333333333,Midday
2024-10-05 13:54:21.599,2024-10-05 14:24:36.412,casual,30.246883333333336,Midday
2024-10-05 13:54:37.679,2024-10-05 14:08:10.090,casual,13.540183333333333,Midday
2024-10-05 13:54:38.376,2024-10-05 14:01:15.852,member,6.6246,Midday
2024-10-05 13:54:57.458,2024-10-05 14:08:58.171,member,14.011883333333333,Midday
2024-10-05 13:55:04.477,2024-10-05 14:03:54.658,casual,8.836350000000001,Midday
2024-10-05 13:55:18.994,2024-10-05 14:41:24.402,casual,46.090133333333334,Midday
2024-10-05 13:56:06.923,2024-10-05 13:59:26.591,member,3.3278000000000003,Midday
2024-10-05 13:56:15.703,2024-10-05 14:05:41.988,member,9.438083333333333,Midday
2024-10-05 13:56:39.874,2024-10-05 14:12:30.007,member,15.835550000000001,Midday
2024-10-05 13:56:43.348,2024-10-05 14:01:27.065,casual,4.7286166666666665,Midday
2024-10-05 13:57:11.465,2024-10-05 14:16:42.510,casual,19.51741666666667,Midday
2024-10-05 13:57:28.176,2024-10-05 15:01:08.693,casual,63.67528333333333,Midday
2024-10-05 13:58:40.000,2024-10-05 14:37:51.663,member,39.194383333333334,Midday
2024-10-05 13:58:44.124,2024-10-05 15:23:46.758,casual,85.0439,Midday
2024-10-05 13:59:03.112,2024-10-05 14:08:12.015,casual,9.148383333333333,Midday
2024-10-05 13:59:20.219,2024-10-05 14:16:09.694,casual,16.824583333333333,Midday
2024-10-05 13:59:35.270,2024-10-05 14:01:55.297,member,2.3337833333333333,Midday
2024-10-05 13:59:53.112,2024-10-05 14:43:27.807,member,43.578250000000004,Midday
2024-10-05 14:00:13.527,2024-10-05 14:11:23.465,casual,11.165633333333334,Midday
2024-10-05 14:00:20.447,2024-10-05 14:04:22.886,member,4.04065,Midday
2024-10-05 14:00:56.683,2024-10-05 14:08:19.052,member,7.372816666666667,Midday
2024-10-05 14:01:03.973,2024-10-05 14:16:54.037,member,15.834399999999999,Midday
2024-10-05 14:01:11.343,2024-10-05 14:04:00.605,member,2.8210333333333333,Midday
2024-10-05 14:01:31.738,2024-10-05 14:23:56.915,casual,22.419616666666666,Midday
2024-10-05 14:02:15.722,2024-10-05 14:09:17.374,member,7.027533333333333,Midday
2024-10-05 14:02:31.474,2024-10-05 14:31:10.592,casual,28.651966666666667,Midday
2024-10-05 14:03:29.088,2024-10-05 14:06:20.229,member,2.85235,Midday
2024-10-05 14:03:38.361,2024-10-05 14:09:54.265,member,6.265066666666667,Midday
2024-10-05 14:03:47.745,2024-10-05 14:10:03.927,casual,6.2697,Midday
2024-10-05 14:04:19.318,2024-10-05 14:09:03.637,member,4.738650000000001,Midday
2024-10-05 14:04:28.138,2024-10-05 14:25:30.379,casual,21.03735,Midday
2024-10-05 14:04:31.614,2024-10-05 14:16:03.039,member,11.52375,Midday
2024-10-05 14:04:38.663,2024-10-05 14:22:48.455,casual,18.1632,Midday
2024-10-05 14:04:48.522,2024-10-05 14:41:08.052,casual,36.325500000000005,Midday
2024-10-05 14:05:00.559,2024-10-05 14:09:22.526,casual,4.366116666666667,Midday
2024-10-05 14:05:23.921,2024-10-05 14:29:24.573,member,24.01086666666667,Midday
2024-10-05 14:05:31.665,2024-10-05 14:20:39.051,casual,15.123099999999999,Midday
2024-10-05 14:05:49.889,2024-10-05 14:19:18.596,member,13.47845,Midday
2024-10-05 14:06:07.765,2024-10-05 14:13:09.557,casual,7.029866666666666,Midday
2024-10-05 14:06:36.297,2024-10-05 14:22:35.792,casual,15.991583333333333,Midday
2024-10-05 14:06:49.027,2024-10-05 14:06:59.518,casual,0.17485,Midday
2024-10-05 14:07:00.746,2024-10-05 14:11:08.347,member,4.126683333333333,Midday
2024-10-05 14:07:24.163,2024-10-05 14:14:13.745,member,6.826366666666667,Midday
2024-10-05 14:07:35.802,2024-10-05 14:51:13.924,casual,43.63536666666666,Midday
2024-10-05 14:07:36.332,2024-10-05 14:23:34.818,member,15.974766666666666,Midday
2024-10-05 14:07:38.987,2024-10-05 14:41:05.989,casual,33.45003333333333,Midday
2024-10-05 14:08:39.106,2024-10-05 14:39:07.941,casual,30.480583333333335,Midday
2024-10-05 14:08:59.257,2024-10-05 14:20:18.387,member,11.318833333333334,Midday
2024-10-05 14:09:12.571,2024-10-05 14:17:33.797,member,8.353766666666667,Midday
2024-10-05 14:09:55.191,2024-10-05 14:21:02.541,casual,11.1225,Midday
2024-10-05 14:10:33.738,2024-10-05 14:25:35.100,casual,15.022699999999999,Midday
2024-10-05 14:11:03.435,2024-10-05 14:16:54.585,casual,5.8525,Midday
2024-10-05 14:11:09.006,2024-10-05 14:30:20.827,casual,19.197016666666666,Midday
2024-10-05 14:11:21.933,2024-10-05 14:57:06.269,casual,45.73893333333333,Midday
2024-10-05 14:11:21.980,2024-10-05 14:17:57.148,casual,6.586133333333334,Midday
2024-10-05 14:11:25.857,2024-10-05 14:15:20.344,member,3.9081166666666665,Midday
2024-10-05 14:11:27.503,2024-10-05 14:17:12.639,member,5.752266666666667,Midday
2024-10-05 14:11:33.114,2024-10-05 14:20:05.942,member,8.547133333333333,Midday
2024-10-05 14:11:57.328,2024-10-05 14:26:36.281,casual,14.649216666666666,Midday
2024-10-05 14:12:07.052,2024-10-05 14:20:44.484,member,8.623866666666666,Midday
2024-10-05 14:12:14.054,2024-10-05 14:18:47.096,member,6.5507,Midday
2024-10-05 14:12:31.474,2024-10-05 14:29:25.076,member,16.893366666666665,Midday
2024-10-05 14:13:20.962,2024-10-05 14:18:46.267,casual,5.42175,Midday
2024-10-05 14:13:45.886,2024-10-05 14:24:13.127,casual,10.454016666666666,Midday
2024-10-05 14:13:50.891,2024-10-05 14:31:30.571,casual,17.661333333333335,Midday
2024-10-05 14:14:43.184,2024-10-05 14:17:51.993,member,3.1468166666666666,Midday
2024-10-05 14:15:46.856,2024-10-05 14:27:27.920,member,11.6844,Midday
2024-10-05 14:15:47.703,2024-10-05 14:23:13.000,member,7.421616666666667,Midday
2024-10-05 14:15:55.727,2024-10-05 15:02:06.360,member,46.177216666666666,Midday
2024-10-05 14:16:14.956,2024-10-05 14:20:13.143,member,3.9697833333333334,Midday
2024-10-05 14:16:30.244,2024-10-05 14:26:49.413,member,10.319483333333332,Midday
2024-10-05 14:16:39.069,2024-10-05 14:47:20.431,casual,30.68936666666667,Midday
2024-10-05 14:16:51.060,2024-10-05 14:26:12.799,member,9.362316666666667,Midday
2024-10-05 14:17:01.910,2024-10-05 14:52:05.615,casual,35.061749999999996,Midday
2024-10-05 14:17:19.855,2024-10-05 14:24:36.166,casual,7.27185,Midday
2024-10-05 14:17:20.800,2024-10-05 14:32:31.154,member,15.172566666666667,Midday
2024-10-05 14:19:03.801,2024-10-05 15:03:17.738,casual,44.232283333333335,Midday
2024-10-05 14:19:05.284,2024-10-05 14:25:16.006,casual,6.1787,Midday
2024-10-05 14:19:16.620,2024-10-05 14:32:51.805,member,13.586416666666667,Midday
2024-10-05 14:19:43.348,2024-10-05 14:25:03.488,member,5.335666666666667,Midday
2024-10-05 14:19:43.808,2024-10-05 14:50:49.554,casual,31.09576666666667,Midday
2024-10-05 14:21:08.229,2024-10-05 14:27:38.989,casual,6.512666666666666,Midday
2024-10-05 14:21:12.421,2024-10-05 14:29:58.990,casual,8.77615,Midday
2024-10-05 14:21:14.603,2024-10-05 14:32:51.174,member,11.609516666666668,Midday
2024-10-05 14:21:27.464,2024-10-05 14:25:12.640,casual,3.752933333333333,Midday
2024-10-05 14:21:58.644,2024-10-05 14:25:41.087,member,3.7073833333333335,Midday
2024-10-05 14:22:15.421,2024-10-05 14:39:13.287,member,16.964433333333332,Midday
2024-10-05 14:22:18.414,2024-10-05 14:29:51.675,casual,7.55435,Midday
2024-10-05 14:22:44.986,2024-10-05 14:43:10.128,member,20.419033333333335,Midday
2024-10-05 14:23:47.842,2024-10-05 14:40:58.400,casual,17.175966666666667,Midday
2024-10-05 14:23:47.848,2024-10-05 14:29:25.754,member,5.631766666666667,Midday
2024-10-05 14:24:25.080,2024-10-05 15:09:09.715,casual,44.74391666666667,Midday
2024-10-05 14:24:29.374,2024-10-05 14:31:52.923,casual,7.392483333333333,Midday
2024-10-05 14:24:55.731,2024-10-05 14:37:33.505,member,12.629566666666667,Midday
2024-10-05 14:24:57.052,2024-10-05 14:33:19.844,member,8.379866666666667,Midday
2024-10-05 14:25:02.606,2024-10-05 14:38:56.181,member,13.892916666666668,Midday
2024-10-05 14:25:04.943,2024-10-05 14:33:04.507,member,7.992733333333334,Midday
2024-10-05 14:25:48.229,2024-10-05 14:55:00.190,casual,29.19935,Midday
2024-10-05 14:25:58.845,2024-10-05 17:56:10.242,member,210.18995,Midday
2024-10-05 14:26:35.554,2024-10-05 14:32:16.684,casual,5.6855,Midday
2024-10-05 14:26:54.210,2024-10-05 14:50:06.489,casual,23.20465,Midday
2024-10-05 14:27:24.783,2024-10-05 14:33:22.415,member,5.960533333333333,Midday
2024-10-05 14:27:49.501,2024-10-05 14:30:43.589,member,2.9014666666666664,Midday
2024-10-05 14:27:50.303,2024-10-05 14:38:00.890,casual,10.176449999999999,Midday
2024-10-05 14:27:57.133,2024-10-05 14:32:51.471,member,4.905633333333333,Midday
2024-10-05 14:28:10.574,2024-10-05 14:34:35.188,member,6.410233333333333,Midday
2024-10-05 14:28:14.260,2024-10-05 14:32:17.542,member,4.0547,Midday
2024-10-05 14:28:31.804,2024-10-05 14:44:39.348,casual,16.125733333333333,Midday
2024-10-05 14:28:45.819,2024-10-05 14:33:10.185,casual,4.4060999999999995,Midday
2024-10-05 14:29:04.337,2024-10-05 14:32:04.109,member,2.9962,Midday
2024-10-05 14:30:20.689,2024-10-05 14:45:24.414,member,15.062083333333334,Midday
2024-10-05 14:30:21.476,2024-10-05 14:45:09.243,member,14.796116666666668,Midday
2024-10-05 14:30:37.457,2024-10-05 14:38:19.070,member,7.69355,Midday
2024-10-05 14:30:56.842,2024-10-05 14:37:00.979,member,6.06895,Midday
2024-10-05 14:31:15.666,2024-10-05 14:36:12.145,member,4.941316666666666,Midday
2024-10-05 14:31:15.979,2024-10-05 14:46:17.611,member,15.027199999999999,Midday
2024-10-05 14:31:16.819,2024-10-05 14:49:12.752,casual,17.932216666666665,Midday
2024-10-05 14:31:44.644,2024-10-05 14:41:26.885,casual,9.704016666666666,Midday
2024-10-05 14:33:06.797,2024-10-05 14:45:47.240,casual,12.67405,Midday
2024-10-05 14:33:15.660,2024-10-05 14:45:00.696,casual,11.750599999999999,Midday
2024-10-05 14:34:12.283,2024-10-05 14:46:49.511,member,12.620466666666665,Midday
2024-10-05 14:34:44.570,2024-10-05 14:41:14.697,member,6.502116666666667,Midday
2024-10-05 14:34:48.931,2024-10-05 14:40:50.641,casual,6.028499999999999,Midday
2024-10-05 14:35:53.457,2024-10-05 15:00:19.303,member,24.430766666666667,Midday
2024-10-05 14:36:08.772,2024-10-05 14:43:03.800,member,6.917133333333334,Midday
2024-10-05 14:36:15.493,2024-10-05 14:43:48.733,casual,7.554,Midday
2024-10-05 14:36:33.021,2024-10-05 15:08:47.466,casual,32.24075,Midday
2024-10-05 14:36:47.147,2024-10-05 15:17:08.775,casual,40.36046666666667,Midday
